#!,Workbook:,Custom,Custom
#!,Para reproducir estos datos: abra el archivo original de Excel, haga clic en el botón *Importar archivo de datos* de la pestaña *Secuencia de datos* de la cinta de opciones y desplácese hasta este archivo.
#!,Para obtener más información, visite http://aka.ms/hackingstem/
710.347,0.05
710.363,0.07
710.377,0.05
710.391,0.05
710.406,0.06
710.420,0.05
710.435,0.06
710.450,0.07
710.464,0.07
710.478,0.07
710.493,0.05
710.508,0.05
710.522,0.06
710.537,0.05
710.551,0.05
710.566,0.05
710.581,0.05
710.595,0.05
710.609,0.05
710.624,0.05
710.639,0.04
710.653,0.05
710.668,0.05
710.682,0.05
710.697,0.05
710.712,0.05
710.726,0.05
710.740,0.05
710.755,0.05
710.770,0.05
710.785,0.05
710.799,0.05
710.813,0.05
710.829,0.07
710.843,0.05
710.857,0.05
710.872,0.05
710.886,0.07
710.901,0.05
710.916,0.06
710.930,0.05
710.944,0.05
710.959,0.05
710.974,0.05
710.988,0.05
711.003,0.06
711.017,0.05
711.032,0.05
711.047,0.06
711.061,0.07
711.075,0.05
711.090,0.05
711.105,0.05
711.119,0.07
711.134,0.05
711.148,0.05
711.163,0.05
711.178,0.06
711.192,0.05
711.206,0.07
711.221,0.05
711.236,0.05
711.250,0.05
711.265,0.06
711.279,0.05
711.294,0.07
711.309,0.06
711.323,0.07
711.337,0.06
711.352,0.05
711.367,0.05
711.382,0.06
711.396,0.07
711.410,0.07
711.425,0.06
711.440,0.06
711.454,0.07
711.469,0.07
711.483,0.05
711.498,0.05
711.513,0.06
711.527,0.05
711.541,0.06
711.556,0.07
711.571,0.06
711.585,0.05
711.600,0.05
711.614,0.05
711.629,0.05
711.644,0.05
711.658,0.05
711.672,0.05
711.687,0.05
711.702,0.05
711.716,0.06
711.731,0.07
711.745,0.06
711.760,0.07
711.775,0.05
711.789,0.06
711.803,0.07
711.818,0.05
711.833,0.06
711.847,0.05
711.862,0.05
711.876,0.07
711.890,0.05
711.906,0.05
711.920,0.07
711.934,0.05
711.949,0.07
711.964,0.07
711.979,0.06
711.993,0.05
712.007,0.05
712.022,0.05
712.037,0.07
712.051,0.05
712.066,0.05
712.080,0.07
712.095,0.06
712.110,0.07
712.124,0.05
712.138,0.07
712.153,0.05
712.168,0.07
712.182,0.05
712.197,0.05
712.211,0.05
712.226,0.06
712.241,0.07
712.255,0.05
712.269,0.05
712.284,0.06
712.299,0.05
712.313,0.05
712.328,0.05
712.342,0.07
712.356,0.05
712.372,0.05
712.386,0.05
712.400,0.05
712.415,0.05
712.430,0.05
712.444,0.07
712.459,0.08
712.473,0.09
712.487,0.09
712.503,0.12
712.517,0.11
712.531,0.12
712.546,0.13
712.561,0.14
712.576,0.15
712.590,0.16
712.604,0.18
712.619,0.18
712.634,0.18
712.648,0.19
712.663,0.20
712.677,0.21
712.692,0.23
712.707,0.23
712.721,0.23
712.735,0.25
712.750,0.24
712.765,0.25
712.779,0.27
712.794,0.27
712.808,0.28
712.822,0.30
712.838,0.30
712.852,0.30
712.866,0.33
712.881,0.32
712.896,0.33
712.910,0.34
712.925,0.35
712.939,0.35
712.953,0.37
712.969,0.38
712.983,0.38
712.997,0.39
713.012,0.40
713.027,0.40
713.041,0.42
713.056,0.42
713.070,0.43
713.084,0.43
713.100,0.43
713.114,0.44
713.128,0.46
713.143,0.46
713.158,0.47
713.172,0.49
713.187,0.48
713.201,0.50
713.216,0.49
713.231,0.50
713.245,0.51
713.260,0.52
713.274,0.53
713.288,0.54
713.304,0.54
713.318,0.56
713.332,0.55
713.347,0.56
713.362,0.57
713.376,0.58
713.391,0.58
713.405,0.59
713.419,0.61
713.435,0.62
713.449,0.61
713.463,0.62
713.478,0.63
713.493,0.64
713.507,0.64
713.522,0.64
713.536,0.65
713.550,0.65
713.566,0.66
713.580,0.67
713.594,0.67
713.609,0.68
713.624,0.69
713.638,0.71
713.653,0.72
713.667,0.71
713.681,0.71
713.697,0.72
713.711,0.73
713.725,0.75
713.740,0.74
713.754,0.76
713.769,0.75
713.784,0.76
713.798,0.77
713.812,0.78
713.828,0.78
713.842,0.78
713.857,0.80
713.871,0.80
713.885,0.80
713.901,0.81
713.915,0.82
713.929,0.82
713.944,0.84
713.959,0.85
713.973,0.85
713.988,0.85
714.002,0.85
714.016,0.86
714.032,0.87
714.046,0.88
714.060,0.88
714.075,0.88
714.090,0.89
714.104,0.90
714.119,0.90
714.133,0.90
714.147,0.91
714.163,0.93
714.177,0.92
714.191,0.93
714.206,0.94
714.220,0.94
714.235,0.96
714.250,0.95
714.264,0.97
714.278,0.96
714.294,0.97
714.308,0.99
714.322,0.98
714.337,0.99
714.351,0.99
714.366,1.01
714.381,1.01
714.395,1.02
714.409,1.02
714.425,1.04
714.439,1.03
714.454,1.05
714.468,1.05
714.482,1.05
714.498,1.06
714.512,1.06
714.526,1.07
714.541,1.07
714.556,1.08
714.570,1.09
714.585,1.09
714.599,1.09
714.613,1.09
714.629,1.10
714.643,1.11
714.657,1.13
714.672,1.12
714.686,1.12
714.701,1.14
714.716,1.14
714.730,1.15
714.744,1.16
714.760,1.15
714.774,1.16
714.788,1.18
714.803,1.18
714.817,1.19
714.832,1.18
714.847,1.19
714.861,1.19
714.875,1.20
714.891,1.20
714.905,1.21
714.919,1.23
714.934,1.22
714.948,1.23
714.963,1.24
714.978,1.24
714.992,1.25
715.006,1.25
715.022,1.25
715.036,1.26
715.051,1.26
715.065,1.28
715.079,1.28
715.095,1.28
715.109,1.29
715.123,1.30
715.138,1.30
715.152,1.30
715.167,1.30
715.182,1.32
715.196,1.31
715.210,1.32
715.226,1.33
715.240,1.34
715.254,1.34
715.269,1.34
715.283,1.36
715.298,1.35
715.313,1.36
715.327,1.36
715.341,1.38
715.357,1.37
715.371,1.37
715.385,1.38
715.400,1.39
715.414,1.40
715.429,1.40
715.444,1.40
715.458,1.41
715.472,1.42
715.488,1.42
715.502,1.42
715.516,1.43
715.531,1.44
715.545,1.45
715.560,1.44
715.575,1.45
715.589,1.46
715.603,1.47
715.618,1.46
715.633,1.47
715.648,1.48
715.662,1.49
715.676,1.48
715.692,1.50
715.706,1.49
715.720,1.49
715.735,1.50
715.749,1.51
715.764,1.52
715.779,1.51
715.793,1.52
715.807,1.52
715.823,1.52
715.837,1.53
715.851,1.53
715.866,1.55
715.880,1.54
715.895,1.55
715.910,1.56
715.924,1.57
715.938,1.57
715.954,1.57
715.968,1.57
715.982,1.58
715.997,1.59
716.011,1.58
716.026,1.59
716.041,1.60
716.055,1.61
716.069,1.61
716.084,1.62
716.099,1.62
716.113,1.62
716.128,1.62
716.142,1.64
716.157,1.64
716.172,1.64
716.186,1.64
716.200,1.66
716.215,1.65
716.230,1.66
716.244,1.67
716.259,1.67
716.273,1.67
716.289,1.68
716.303,1.68
716.317,1.69
716.332,1.69
716.346,1.69
716.361,1.70
716.376,1.71
716.390,1.72
716.404,1.71
716.420,1.72
716.434,1.72
716.448,1.73
716.463,1.74
716.477,1.74
716.492,1.74
716.507,1.74
716.521,1.74
716.535,1.75
716.550,1.75
716.565,1.77
716.579,1.77
716.594,1.76
716.608,1.77
716.623,1.77
716.638,1.78
716.652,1.78
716.666,1.79
716.681,1.80
716.696,1.79
716.710,1.80
716.725,1.80
716.739,1.80
716.754,1.82
716.769,1.82
716.783,1.83
716.797,1.83
716.812,1.82
716.827,1.84
716.841,1.83
716.856,1.85
716.870,1.84
716.886,1.85
716.900,1.85
716.914,1.85
716.929,1.86
716.943,1.86
716.958,1.87
716.973,1.87
716.987,1.88
717.001,1.88
717.016,1.88
717.031,1.89
717.045,1.90
717.060,1.90
717.074,1.91
717.089,1.91
717.104,1.92
717.118,1.91
717.132,1.92
717.147,1.92
717.162,1.93
717.176,1.94
717.191,1.93
717.205,1.95
717.220,1.94
717.235,1.95
717.249,1.95
717.263,1.95
717.278,1.96
717.293,1.96
717.307,1.97
717.322,1.98
717.336,1.97
717.351,1.97
717.366,1.99
717.380,1.98
717.394,1.98
717.409,1.98
717.424,1.99
717.438,1.99
717.453,2.00
717.467,2.01
717.481,2.01
717.497,2.01
717.511,2.02
717.526,2.02
717.540,2.02
717.555,2.03
717.570,2.04
717.584,2.04
717.598,2.04
717.613,2.05
717.628,2.05
717.642,2.05
717.657,2.05
717.671,2.06
717.686,2.07
717.701,2.08
717.715,2.07
717.729,2.07
717.744,2.08
717.759,2.08
717.773,2.08
717.788,2.09
717.802,2.10
717.817,2.09
717.832,2.10
717.846,2.10
717.860,2.11
717.875,2.11
717.890,2.11
717.904,2.11
717.919,2.12
717.933,2.12
717.947,2.13
717.963,2.13
717.977,2.13
717.991,2.14
718.006,2.15
718.021,2.14
718.035,2.15
718.050,2.15
718.064,2.16
718.078,2.16
718.094,2.17
718.108,2.17
718.123,2.17
718.137,2.17
718.152,2.17
718.167,2.18
718.181,2.18
718.195,2.19
718.210,2.18
718.225,2.20
718.239,2.19
718.254,2.19
718.268,2.21
718.283,2.21
718.298,2.22
718.312,2.21
718.326,2.21
718.341,2.22
718.356,2.22
718.370,2.22
718.385,2.23
718.399,2.24
718.413,2.24
718.429,2.25
718.443,2.24
718.457,2.24
718.472,2.26
718.487,2.26
718.501,2.26
718.516,2.26
718.530,2.26
718.544,2.26
718.560,2.27
718.574,2.28
718.588,2.27
718.603,2.28
718.618,2.28
718.632,2.29
718.647,2.29
718.661,2.29
718.675,2.29
718.691,2.30
718.705,2.30
718.720,2.32
718.734,2.31
718.749,2.32
718.764,2.31
718.778,2.32
718.792,2.32
718.807,2.33
718.822,2.33
718.836,2.33
718.851,2.34
718.865,2.34
718.879,2.35
718.895,2.34
718.909,2.34
718.923,2.35
718.938,2.36
718.953,2.36
718.967,2.36
718.982,2.37
718.996,2.37
719.010,2.37
719.026,2.37
719.040,2.38
719.054,2.38
719.069,2.38
719.084,2.39
719.098,2.39
719.113,2.39
719.127,2.39
719.141,2.39
719.157,2.39
719.171,2.39
719.185,2.40
719.200,2.41
719.215,2.42
719.229,2.42
719.244,2.42
719.258,2.42
719.272,2.42
719.288,2.43
719.302,2.43
719.316,2.43
719.331,2.43
719.345,2.44
719.361,2.44
719.375,2.44
719.389,2.44
719.404,2.45
719.419,2.45
719.433,2.45
719.448,2.46
719.462,2.46
719.476,2.47
719.492,2.47
719.506,2.47
719.520,2.47
719.535,2.48
719.550,2.48
719.564,2.49
719.579,2.49
719.593,2.49
719.607,2.49
719.623,2.50
719.637,2.51
719.651,2.50
719.666,2.50
719.681,2.51
719.695,2.51
719.710,2.51
719.724,2.53
719.738,2.52
719.754,2.52
719.768,2.53
719.782,2.53
719.797,2.53
719.811,2.54
719.826,2.54
719.841,2.54
719.855,2.54
719.869,2.54
719.885,2.55
719.899,2.55
719.913,2.56
719.928,2.55
719.942,2.55
719.958,2.57
719.972,2.56
719.986,2.56
720.001,2.57
720.016,2.58
720.030,2.58
720.045,2.57
720.059,2.58
720.073,2.58
720.089,2.58
720.103,2.59
720.117,2.59
720.132,2.60
720.147,2.60
720.161,2.60
720.176,2.60
720.190,2.61
720.204,2.60
720.220,2.61
720.234,2.61
720.248,2.62
720.263,2.62
720.277,2.62
720.292,2.63
720.307,2.62
720.321,2.63
720.335,2.62
720.351,2.64
720.365,2.63
720.379,2.64
720.394,2.65
720.408,2.64
720.423,2.65
720.438,2.64
720.452,2.66
720.466,2.66
720.482,2.66
720.496,2.66
720.510,2.66
720.525,2.66
720.539,2.66
720.555,2.66
720.569,2.67
720.583,2.67
720.598,2.68
720.613,2.68
720.627,2.68
720.642,2.69
720.656,2.68
720.670,2.69
720.686,2.70
720.700,2.69
720.714,2.70
720.729,2.70
720.743,2.70
720.758,2.71
720.773,2.72
720.787,2.72
720.801,2.71
720.817,2.72
720.831,2.72
720.845,2.72
720.860,2.72
720.874,2.73
720.889,2.72
720.904,2.73
720.918,2.73
720.932,2.73
720.948,2.74
720.962,2.75
720.976,2.75
720.991,2.75
721.005,2.74
721.020,2.75
721.035,2.76
721.049,2.76
721.063,2.76
721.079,2.76
721.093,2.76
721.107,2.77
721.122,2.77
721.136,2.77
721.152,2.77
721.166,2.78
721.180,2.77
721.195,2.78
721.209,2.79
721.224,2.79
721.239,2.79
721.253,2.79
721.267,2.80
721.283,2.80
721.297,2.80
721.311,2.80
721.326,2.80
721.340,2.80
721.355,2.81
721.370,2.81
721.384,2.82
721.398,2.82
721.414,2.81
721.428,2.82
721.442,2.83
721.457,2.83
721.471,2.82
721.486,2.83
721.501,2.83
721.515,2.83
721.529,2.83
721.545,2.84
721.559,2.85
721.573,2.84
721.588,2.84
721.602,2.85
721.617,2.85
721.632,2.85
721.646,2.85
721.660,2.85
721.675,2.85
721.690,2.86
721.704,2.86
721.719,2.87
721.733,2.86
721.748,2.87
721.763,2.87
721.777,2.87
721.792,2.88
721.806,2.88
721.821,2.89
721.836,2.88
721.850,2.88
721.864,2.89
721.880,2.89
721.894,2.89
721.908,2.89
721.923,2.89
721.937,2.89
721.952,2.89
721.967,2.89
721.981,2.90
721.995,2.90
722.011,2.91
722.025,2.91
722.039,2.92
722.054,2.91
722.068,2.92
722.083,2.93
722.098,2.92
722.112,2.93
722.126,2.93
722.141,2.93
722.156,2.93
722.170,2.94
722.185,2.93
722.199,2.93
722.214,2.93
722.229,2.94
722.243,2.94
722.257,2.94
722.272,2.95
722.287,2.95
722.301,2.95
722.316,2.95
722.330,2.95
722.345,2.95
722.360,2.96
722.374,2.96
722.388,2.97
722.403,2.97
722.418,2.97
722.433,2.98
722.447,2.97
722.461,2.97
722.477,2.97
722.491,2.98
722.505,2.99
722.520,2.99
722.534,2.99
722.549,2.99
722.564,2.99
722.578,2.99
722.592,3.00
722.607,3.00
722.622,2.99
722.636,3.01
722.651,3.01
722.665,3.00
722.680,3.01
722.695,3.01
722.709,3.02
722.723,3.01
722.738,3.02
722.753,3.02
722.767,3.01
722.782,3.02
722.796,3.02
722.811,3.02
722.826,3.02
722.840,3.02
722.854,3.03
722.869,3.04
722.884,3.04
722.898,3.04
722.913,3.04
722.927,3.04
722.942,3.04
722.957,3.04
722.971,3.05
722.985,3.04
723.000,3.05
723.015,3.05
723.030,3.05
723.044,3.05
723.058,3.05
723.073,3.05
723.088,3.06
723.102,3.06
723.117,3.06
723.131,3.06
723.146,3.07
723.161,3.07
723.175,3.07
723.189,3.07
723.204,3.07
723.219,3.07
723.233,3.08
723.248,3.08
723.262,3.09
723.277,3.08
723.292,3.09
723.306,3.10
723.320,3.09
723.335,3.09
723.350,3.09
723.364,3.09
723.379,3.10
723.393,3.10
723.408,3.11
723.423,3.10
723.437,3.11
723.451,3.11
723.466,3.11
723.481,3.11
723.495,3.11
723.510,3.11
723.524,3.12
723.538,3.13
723.554,3.13
723.568,3.13
723.582,3.13
723.597,3.13
723.612,3.14
723.627,3.13
723.641,3.13
723.655,3.13
723.670,3.14
723.685,3.14
723.699,3.14
723.714,3.15
723.728,3.15
723.743,3.15
723.758,3.15
723.772,3.14
723.786,3.15
723.801,3.15
723.816,3.16
723.830,3.15
723.845,3.15
723.859,3.17
723.874,3.17
723.889,3.16
723.903,3.16
723.917,3.17
723.932,3.18
723.947,3.18
723.961,3.17
723.976,3.18
723.990,3.18
724.004,3.18
724.020,3.18
724.034,3.19
724.048,3.19
724.063,3.19
724.078,3.18
724.092,3.18
724.107,3.19
724.121,3.19
724.135,3.19
724.151,3.20
724.165,3.20
724.179,3.21
724.194,3.20
724.209,3.20
724.224,3.20
724.238,3.21
724.252,3.21
724.267,3.21
724.282,3.22
724.296,3.21
724.311,3.22
724.325,3.22
724.340,3.22
724.355,3.23
724.369,3.23
724.383,3.22
724.398,3.22
724.413,3.23
724.427,3.23
724.442,3.24
724.456,3.23
724.470,3.24
724.486,3.24
724.500,3.24
724.514,3.24
724.529,3.25
724.544,3.25
724.558,3.25
724.573,3.25
724.587,3.25
724.601,3.25
724.617,3.26
724.631,3.25
724.645,3.26
724.660,3.25
724.675,3.26
724.689,3.26
724.704,3.26
724.718,3.27
724.732,3.27
724.748,3.27
724.762,3.26
724.776,3.27
724.791,3.27
724.806,3.26
724.820,3.27
724.835,3.28
724.849,3.28
724.864,3.27
724.879,3.28
724.893,3.27
724.908,3.28
724.922,3.28
724.936,3.28
724.952,3.29
724.966,3.29
724.980,3.29
724.995,3.29
725.010,3.29
725.024,3.29
725.039,3.30
725.053,3.30
725.067,3.30
725.083,3.30
725.097,3.31
725.111,3.31
725.126,3.30
725.141,3.30
725.155,3.31
725.170,3.31
725.184,3.32
725.198,3.32
725.214,3.31
725.228,3.32
725.242,3.32
725.257,3.32
725.272,3.33
725.286,3.33
725.301,3.32
725.315,3.33
725.329,3.33
725.345,3.33
725.359,3.33
725.373,3.33
725.388,3.34
725.402,3.34
725.417,3.33
725.432,3.35
725.446,3.34
725.460,3.34
725.476,3.34
725.490,3.34
725.505,3.34
725.519,3.35
725.533,3.35
725.549,3.36
725.563,3.36
725.577,3.36
725.592,3.35
725.607,3.36
725.621,3.36
725.636,3.36
725.650,3.36
725.664,3.36
725.680,3.37
725.694,3.37
725.708,3.37
725.723,3.37
725.738,3.38
725.752,3.38
725.767,3.37
725.781,3.38
725.795,3.38
725.811,3.38
725.825,3.37
725.839,3.39
725.854,3.39
725.868,3.38
725.883,3.39
725.898,3.39
725.912,3.39
725.926,3.40
725.942,3.39
725.956,3.39
725.970,3.40
725.985,3.40
725.999,3.40
726.014,3.40
726.029,3.40
726.043,3.40
726.057,3.41
726.073,3.40
726.087,3.41
726.102,3.42
726.116,3.41
726.130,3.42
726.146,3.42
726.160,3.42
726.174,3.41
726.189,3.41
726.204,3.42
726.218,3.42
726.233,3.42
726.247,3.42
726.261,3.43
726.277,3.43
726.291,3.43
726.305,3.42
726.320,3.43
726.334,3.43
726.349,3.43
726.364,3.44
726.378,3.44
726.392,3.44
726.408,3.43
726.422,3.43
726.436,3.44
726.451,3.45
726.465,3.45
726.480,3.45
726.495,3.44
726.509,3.44
726.523,3.45
726.539,3.45
726.553,3.45
726.567,3.46
726.582,3.45
726.596,3.46
726.611,3.47
726.626,3.46
726.640,3.46
726.654,3.47
726.670,3.46
726.684,3.47
726.699,3.46
726.713,3.46
726.727,3.47
726.743,3.46
726.757,3.47
726.771,3.47
726.786,3.47
726.800,3.47
726.815,3.48
726.830,3.48
726.844,3.48
726.858,3.48
726.874,3.48
726.888,3.48
726.902,3.48
726.917,3.49
726.931,3.48
726.946,3.49
726.961,3.49
726.975,3.48
726.989,3.48
727.005,3.49
727.019,3.50
727.033,3.50
727.048,3.49
727.062,3.50
727.077,3.50
727.092,3.50
727.106,3.49
727.120,3.50
727.136,3.50
727.150,3.51
727.164,3.51
727.179,3.51
727.193,3.50
727.208,3.52
727.223,3.50
727.237,3.51
727.251,3.51
727.266,3.52
727.281,3.51
727.296,3.52
727.310,3.52
727.324,3.52
727.340,3.52
727.354,3.53
727.368,3.52
727.383,3.52
727.397,3.53
727.412,3.53
727.427,3.52
727.441,3.53
727.455,3.54
727.471,3.53
727.485,3.53
727.499,3.53
727.514,3.53
727.528,3.55
727.543,3.54
727.558,3.55
727.57,.53
727.586,3.54
727.602,3.54
727.616,3.55
727.630,3.55
727.645,3.55
727.659,3.56
727.674,3.55
727.689,3.55
727.703,3.55
727.717,3.55
727.732,3.55
727.747,3.56
727.761,3.56
727.776,3.56
727.790,3.56
727.805,3.56
727.820,3.56
727.834,3.56
727.848,3.57
727.863,3.57
727.878,3.57
727.892,3.57
727.907,3.57
727.921,3.57
727.937,3.58
727.951,3.57
727.965,3.57
727.980,3.58
727.994,3.58
728.009,3.57
728.024,3.58
728.038,3.58
728.052,3.58
728.068,3.58
728.082,3.58
728.096,3.59
728.111,3.59
728.125,3.59
728.140,3.59
728.155,3.58
728.169,3.59
728.183,3.59
728.198,3.59
728.213,3.60
728.227,3.60
728.242,3.60
728.256,3.60
728.271,3.60
728.286,3.60
728.300,3.61
728.314,3.60
728.329,3.61
728.344,3.61
728.358,3.61
728.373,3.60
728.387,3.60
728.402,3.61
728.417,3.62
728.431,3.61
728.445,3.61
728.460,3.62
728.475,3.61
728.489,3.62
728.504,3.62
728.518,3.62
728.534,3.62
728.548,3.63
728.562,3.63
728.577,3.62
728.591,3.62
728.606,3.63
728.621,3.63
728.635,3.63
728.649,3.63
728.664,3.64
728.679,3.63
728.693,3.63
728.708,3.63
728.722,3.63
728.737,3.64
728.752,3.63
728.766,3.63
728.780,3.64
728.795,3.64
728.810,3.64
728.824,3.65
728.839,3.64
728.853,3.65
728.868,3.66
728.883,3.65
728.897,3.65
728.911,3.65
728.926,3.66
728.941,3.66
728.955,3.66
728.970,3.66
728.984,3.66
728.999,3.66
729.014,3.66
729.028,3.66
729.042,3.66
729.057,3.66
729.072,3.66
729.086,3.66
729.101,3.66
729.115,3.65
729.129,3.67
729.145,3.67
729.159,3.67
729.174,3.67
729.188,3.67
729.203,3.67
729.218,3.67
729.232,3.68
729.246,3.68
729.261,3.67
729.276,3.68
729.290,3.68
729.305,3.68
729.319,3.69
729.334,3.68
729.349,3.69
729.363,3.68
729.377,3.68
729.392,3.68
729.407,3.68
729.421,3.69
729.436,3.69
729.450,3.69
729.465,3.69
729.480,3.69
729.494,3.70
729.508,3.69
729.523,3.69
729.538,3.70
729.552,3.70
729.567,3.70
.581,3.70
729.595,3.70
729.611,3.70
729.625,3.70
729.639,3.70
729.654,3.71
729.669,3.71
729.683,3.71
729.698,3.70
729.712,3.71
729.726,3.70
729.742,3.71
729.756,3.71
729.771,3.71
729.785,3.71
729.800,3.71
729.815,3.72
729.829,3.71
729.843,3.72
729.858,3.72
729.873,3.72
729.887,3.72
729.902,3.72
729.916,3.71
729.931,3.72
729.946,3.72
729.960,3.72
729.974,3.73
729.989,3.73
730.004,3.73
730.018,3.73
730.033,3.73
730.047,3.74
730.061,3.73
730.077,3.73
730.091,3.73
730.105,3.73
730.120,3.74
730.135,3.74
730.149,3.74
730.164,3.73
730.178,3.74
730.192,3.74
730.208,3.74
730.222,3.74
730.236,3.75
730.251,3.75
730.266,3.75
730.280,3.74
730.295,3.75
730.309,3.75
730.323,3.75
730.339,3.76
730.353,3.75
730.368,3.75
730.382,3.75
730.397,3.75
730.412,3.75
730.426,3.75
730.440,3.75
730.455,3.76
730.470,3.75
730.484,3.76
730.499,3.76
730.513,3.76
730.527,3.76
730.543,3.76
730.557,3.77
730.571,3.76
730.586,3.76
730.601,3.76
730.615,3.76
730.630,3.77
730.644,3.77
730.658,3.77
730.674,3.77
730.688,3.77
730.702,3.78
730.717,3.78
730.732,3.77
730.746,3.77
730.761,3.78
730.775,3.78
730.789,3.78
730.805,3.79
730.819,3.78
730.833,3.78
730.848,3.78
730.863,3.79
730.877,3.79
730.892,3.79
730.906,3.80
730.920,3.79
730.936,3.78
730.950,3.79
730.964,3.79
730.979,3.79
730.993,3.80
731.009,3.80
731.023,3.80
731.037,3.79
731.052,3.80
731.067,3.80
731.081,3.80
731.096,3.79
731.110,3.80
731.124,3.80
731.140,3.80
731.154,3.81
731.168,3.81
731.183,3.81
731.198,3.80
731.212,3.81
731.227,3.80
731.241,3.81
731.255,3.81
731.271,3.80
731.285,3.82
731.299,3.81
731.314,3.82
731.329,3.81
731.343,3.81
731.358,3.81
731.372,3.82
731.386,3.82
731.402,3.82
731.416,3.82
731.430,3.81
731.445,3.82
731.459,3.82
731.474,3.82
731.489,3.82
731.503,3.83
731.517,3.82
731.533,3.83
731.547,3.83
731.561,3.83
731.576,3.82
731.590,3.83
731.606,3.83
731.620,3.83
731.634,3.83
731.649,3.83
731.664,3.84
731.678,3.84
731.693,3.84
731.707,3.83
731.721,3.84
731.737,3.84
731.751,3.84
731.765,3.83
731.780,3.84
731.795,3.84
731.809,3.84
731.824,3.84
731.838,3.85
731.852,3.85
731.868,3.85
731.882,3.85
731.896,3.84
731.911,3.85
731.925,3.85
731.940,3.85
731.955,3.85
731.969,3.85
731.983,3.86
731.999,3.86
732.013,3.85
732.027,3.86
732.042,3.85
732.056,3.86
732.071,3.86
732.086,3.85
732.100,3.86
732.114,3.86
732.130,3.85
732.144,3.86
732.158,3.86
732.173,3.87
732.187,3.87
732.203,3.86
732.217,3.87
732.231,3.87
732.246,3.86
732.261,3.86
732.275,3.87
732.290,3.86
732.304,3.87
732.318,3.86
732.334,3.86
732.348,3.88
732.362,3.87
732.377,3.87
732.391,3.87
732.406,3.87
732.421,3.88
732.435,3.87
732.449,3.88
732.465,3.88
732.479,3.87
732.493,3.88
732.508,3.88
732.522,3.88
732.537,3.89
732.552,3.88
732.566,3.88
732.580,3.88
732.596,3.88
732.610,3.88
732.624,3.89
732.639,3.89
732.653,3.89
732.668,3.90
732.683,3.89
732.697,3.89
732.711,3.89
732.727,3.89
732.741,3.90
732.755,3.90
732.770,3.89
732.784,3.90
732.800,3.90
732.814,3.90
732.828,3.89
732.843,3.90
732.857,3.90
732.872,3.90
732.887,3.90
732.901,3.90
732.915,3.91
732.931,3.91
732.945,3.91
732.959,3.91
732.974,3.91
732.988,3.91
733.003,3.91
733.018,3.91
733.032,3.91
733.046,3.90
733.062,3.91
733.076,3.91
733.090,3.91
733.105,3.91
733.119,3.91
733.134,3.91
733.149,3.91
733.163,3.91
733.177,3.92
733.193,3.91
733.207,3.92
733.221,3.91
733.236,3.92
733.250,3.91
733.265,3.91
733.280,3.92
733.294,3.91
733.308,3.91
733.323,3.92
733.338,3.92
733.352,3.92
733.367,3.92
733.381,3.92
733.396,3.93
733.411,3.92
733.425,3.93
733.440,3.93
733.454,3.92
733.469,3.92
733.484,3.93
733.498,3.92
733.512,3.93
733.528,3.92
733.542,3.93
733.556,3.92
733.571,3.92
733.585,3.94
733.600,3.93
733.615,3.94
733.629,3.94
733.643,3.93
733.659,3.94
733.673,3.93
733.687,3.94
733.702,3.94
733.716,3.94
733.731,3.94
733.746,3.94
733.760,3.93
733.774,3.95
733.789,3.94
733.804,3.94
733.818,3.95
733.833,3.94
733.847,3.94
733.862,3.94
733.877,3.95
733.891,3.94
733.905,3.94
733.920,3.95
733.935,3.95
733.949,3.95
733.964,3.95
733.978,3.95
733.993,3.95
734.008,3.94
734.022,3.95
734.036,3.95
734.051,3.96
734.066,3.95
734.081,3.95
734.095,3.95
734.109,3.96
734.125,3.96
734.139,3.96
734.153,3.96
734.168,3.96
734.182,3.96
734.197,3.96
734.212,3.96
734.226,3.96
734.240,3.96
734.255,3.97
734.270,3.96
734.284,3.96
734.299,3.96
734.313,3.96
734.328,3.97
734.343,3.96
734.357,3.96
734.371,3.97
734.386,3.97
734.401,3.96
734.415,3.97
734.430,3.97
734.444,3.97
734.459,3.97
734.474,3.96
734.488,3.97
734.502,3.97
734.517,3.98
734.532,3.97
734.546,3.98
734.561,3.98
734.575,3.97
734.590,3.97
734.605,3.98
734.619,3.98
734.633,3.97
734.648,3.99
734.663,3.98
734.678,3.99
734.692,3.98
734.706,3.99
734.721,3.98
734.736,3.99
734.750,3.98
734.765,3.99
734.779,3.99
734.794,3.99
734.809,3.99
734.823,4.00
734.837,3.99
734.852,3.99
734.867,3.99
734.881,3.99
734.896,3.99
734.910,4.00
734.925,3.99
734.940,3.99
734.954,3.98
734.968,4.00
734.983,3.99
734.998,3.99
735.012,3.99
735.027,3.99
735.041,3.99
735.056,4.00
735.071,4.00
735.085,4.00
735.099,4.00
735.114,4.00
735.129,4.00
735.143,4.00
735.158,4.01
735.172,4.00
735.186,4.00
735.202,4.01
735.216,4.01
735.230,4.01
735.245,4.00
735.260,4.01
735.275,4.00
735.289,4.00
735.303,4.01
735.318,4.01
735.333,4.00
735.347,4.01
735.362,4.01
735.376,4.01
735.391,4.01
735.406,4.01
735.420,4.01
735.434,4.02
735.449,4.01
735.464,4.01
735.478,4.03
735.493,4.02
735.507,4.02
735.522,4.02
735.537,4.02
735.551,4.02
735.565,4.02
735.580,4.01
735.595,4.02
735.609,4.03
735.624,4.02
735.638,4.02
735.652,4.02
735.668,4.03
735.682,4.02
735.696,4.03
735.711,4.02
735.726,4.02
735.740,4.03
735.755,4.03
735.769,4.03
735.783,4.03
735.799,4.03
735.813,4.02
735.827,4.03
735.842,4.03
735.857,4.03
735.872,4.04
735.886,4.03
735.900,4.03
735.915,4.04
735.930,4.03
735.944,4.03
735.959,4.04
735.973,4.04
735.988,4.03
736.003,4.04
736.017,4.04
736.031,4.04
736.046,4.04
736.061,4.04
736.075,4.04
736.090,4.04
736.104,4.04
736.118,4.04
736.134,4.05
736.148,4.04
736.162,4.05
736.177,4.05
736.192,4.05
736.206,4.04
736.221,4.05
736.235,4.05
736.249,4.04
736.265,4.04
736.279,4.05
736.293,4.04
736.308,4.05
736.323,4.05
736.337,4.05
736.352,4.05
736.366,4.05
736.380,4.05
736.396,4.06
736.410,4.06
736.424,4.05
736.439,4.05
736.454,4.05
736.468,4.06
736.483,4.06
736.497,4.05
736.512,4.06
736.527,4.06
736.541,4.06
736.556,4.06
736.570,4.06
736.584,4.06
736.600,4.06
736.614,4.07
736.628,4.06
736.643,4.07
736.658,4.07
736.672,4.07
736.687,4.06
736.701,4.05
736.715,4.07
736.731,4.06
736.745,4.07
736.759,4.06
736.774,4.07
736.789,4.07
736.803,4.07
736.818,4.06
736.832,4.07
736.846,4.07
736.862,4.08
736.876,4.07
736.890,4.08
736.905,4.07
736.920,4.07
736.934,4.07
736.949,4.08
736.963,4.07
736.977,4.07
736.993,4.08
737.007,4.08
737.021,4.09
737.036,4.08
737.050,4.08
737.065,4.07
737.080,4.08
737.094,4.08
737.108,4.08
737.124,4.09
737.138,4.08
737.153,4.08
737.167,4.07
737.181,4.08
737.197,4.08
737.211,4.08
737.225,4.08
737.240,4.09
737.255,4.09
737.269,4.08
737.284,4.09
737.298,4.08
737.312,4.09
737.328,4.09
737.342,4.08
737.356,4.09
737.371,4.09
737.386,4.09
737.400,4.10
737.415,4.09
737.429,4.09
737.443,4.09
737.459,4.10
737.473,4.09
737.487,4.10
737.502,4.09
737.516,4.09
737.531,4.10
737.546,4.10
737.560,4.09
737.574,4.09
73590,4.09
737.604,4.10
737.618,4.10
737.633,4.10
737.647,4.10
737.662,4.10
737.677,4.10
737.691,4.09
737.705,4.10
737.721,4.10
737.735,4.10
737.750,4.11
737.764,4.11
737.778,4.10
737.794,4.10
737.808,4.10
737.822,4.11
737.837,4.10
737.852,4.11
737.866,4.10
737.881,4.11
737.895,4.10
737.909,4.11
737.925,4.11
737.939,4.11
737.953,4.10
737.968,4.10
737.982,4.10
737.997,4.11
738.012,4.10
738.026,4.10
738.040,4.12
738.056,4.12
738.070,4.11
738.084,4.11
738.099,4.11
738.113,4.12
738.128,4.11
738.143,4.11
738.157,4.12
738.171,4.12
738.187,4.11
738.201,4.12
738.215,4.11
738.230,4.12
738.244,4.12
738.259,4.12
738.274,4.12
738.288,4.11
738.302,4.12
738.318,4.13
738.332,4.12
738.347,4.11
738.361,4.13
738.375,4.12
738.391,4.13
738.405,4.12
738.419,4.12
738.434,4.13
738.448,4.12
738.463,4.13
738.478,4.12
738.492,4.12
738.506,4.13
738.522,4.12
738.536,4.13
738.550,4.12
738.565,4.13
738.579,4.13
738.594,4.13
738.609,4.13
738.623,4.13
738.637,4.12
738.653,4.13
738.667,4.13
738.681,4.13
738.696,4.13
738.710,4.12
738.725,4.13
738.740,4.13
738.754,4.14
738.768,4.13
738.784,4.13
738.798,4.14
738.812,4.13
738.827,4.14
738.841,4.14
738.856,4.14
738.871,4.14
738.885,4.14
738.899,4.14
738.914,4.14
738.929,4.13
738.944,4.13
738.958,4.14
738.972,4.14
738.988,4.14
739.002,4.14
739.016,4.14
739.031,4.14
739.045,4.14
739.060,4.14
739.075,4.14
739.089,4.14
739.103,4.14
739.119,4.14
739.133,4.14
739.147,4.14
739.162,4.14
739.176,4.14
739.191,4.14
739.206,4.15
739.220,4.15
739.234,4.15
739.250,4.15
739.264,4.14
739.278,4.14
739.293,4.14
739.307,4.14
739.322,4.15
739.337,4.14
739.351,4.15
739.365,4.15
739.380,4.15
739.395,4.15
739.409,4.15
739.424,4.14
739.438,4.16
739.453,4.15
739.468,4.15
739.482,4.16
739.496,4.14
739.511,4.15
739.526,4.16
739.540,4.15
739.555,4.16
739.569,4.16
739.585,4.15
739.599,4.15
739.613,4.16
739.628,4.16
739.642,4.16
739.657,4.15
739.672,4.16
739.686,4.15
739.700,4.16
739.716,4.15
739.730,4.15
739.744,4.17
739.759,4.16
739.773,4.15
739.788,4.16
739.803,4.16
739.817,4.16
739.831,4.17
739.846,4.15
739.861,4.17
739.875,4.16
739.890,4.16
739.904,4.17
739.919,4.17
739.934,4.17
739.948,4.16
739.962,4.16
739.977,4.17
739.992,4.16
740.006,4.17
740.021,4.17
740.035,4.17
740.050,4.17
740.065,4.17
740.079,4.17
740.093,4.16
740.108,4.17
740.123,4.17
740.137,4.16
740.152,4.17
740.166,4.17
740.182,4.17
740.196,4.17
740.210,4.17
740.225,4.17
740.239,4.17
740.254,4.17
740.269,4.18
740.283,4.18
740.297,4.17
740.312,4.17
740.327,4.18
740.341,4.18
740.356,4.17
740.370,4.18
740.385,4.17
740.400,4.18
740.414,4.18
740.428,4.17
740.443,4.18
740.458,4.18
740.472,4.17
740.487,4.17
740.501,4.18
740.516,4.18
740.531,4.19
740.545,4.18
740.559,4.18
740.574,4.18
740.589,4.18
740.603,4.18
740.618,4.19
740.632,4.19
740.647,4.19
740.662,4.18
740.676,4.18
740.690,4.18
740.705,4.19
740.720,4.18
740.734,4.19
740.749,4.19
740.763,4.19
740.777,4.20
740.793,4.19
740.807,4.19
740.822,4.19
740.836,4.19
740.851,4.19
740.866,4.20
740.880,4.19
740.894,4.19
740.909,4.18
740.924,4.19
740.938,4.20
740.953,4.19
740.967,4.20
740.982,4.19
740.997,4.20
741.011,4.19
741.025,4.20
741.040,4.19
741.055,4.19
741.069,4.20
741.084,4.20
741.098,4.19
741.113,4.19
741.128,4.19
741.142,4.20
741.156,4.19
741.171,4.20
741.186,4.20
741.200,4.20
741.215,4.20
741.229,4.19
741.243,4.20
741.259,4.20
741.273,4.20
741.287,4.19
741.302,4.20
741.317,4.20
741.331,4.20
741.346,4.20
741.360,4.20
741.374,4.20
741.390,4.20
741.404,4.20
741.419,4.20
741.433,4.21
741.448,4.21
741.463,4.20
741.477,4.21
741.491,4.21
741.506,4.20
741.521,4.20
741.535,4.21
741.550,4.21
741.564,4.20
741.579,4.20
741.594,4.21
741.608,4.20
741.622,4.21
741.637,4.21
741.652,4.21
741.666,4.21
741.681,4.21
741.695,4.20
741.709,4.20
741.725,4.21
741.739,4.20
741.753,4.21
741.768,4.21
741.783,4.22
741.797,4.21
741.812,4.21
741.826,4.21
741.840,4.21
741.856,4.22
741.870,4.21
741.884,4.22
741.899,4.22
741.914,4.21
741.928,4.22
741.943,4.22
741.957,4.21
741.971,4.22
741.987,4.21
742.001,4.21
742.016,4.22
742.030,4.22
742.045,4.21
742.060,4.22
742.074,4.22
742.088,4.22
742.103,4.22
742.118,4.22
742.132,4.21
742.147,4.22
742.161,4.22
742.175,4.22
742.191,4.22
742.205,4.23
742.219,4.22
742.234,4.22
742.249,4.22
742.263,4.22
742.278,4.22
742.292,4.23
742.306,4.23
742.322,4.22
742.336,4.22
742.350,4.23
742.365,4.22
742.380,4.23
742.394,4.23
742.409,4.23
742.423,4.23
742.437,4.23
742.453,4.22
742.467,4.22
742.481,4.23
742.496,4.23
742.511,4.22
742.525,4.24
742.540,4.23
742.554,4.23
742.568,4.23
742.584,4.23
742.598,4.22
742.612,4.23
742.627,4.23
742.641,4.23
742.657,4.23
742.671,4.23
742.685,4.23
742.700,4.23
742.715,4.24
742.729,4.23
742.744,4.23
742.758,4.24
742.772,4.24
742.788,4.23
742.802,4.24
742.816,4.24
742.831,4.24
742.846,4.23
742.860,4.24
742.875,4.24
742.889,4.23
742.903,4.24
742.919,4.24
742.933,4.23
742.947,4.24
742.962,4.24
742.977,4.24
742.991,4.24
743.006,4.24
743.020,4.24
743.034,4.24
743.050,4.24
743.064,4.24
743.078,4.25
743.093,4.24
743.107,4.24
743.122,4.23
743.137,4.24
743.151,4.24
743.165,4.24
743.181,4.25
743.195,4.24
743.209,4.24
743.224,4.25
743.238,4.24
743.254,4.25
743.268,4.25
743.282,4.25
743.297,4.24
743.312,4.25
743.326,4.25
743.341,4.24
743.355,4.25
743.369,4.25
743.385,4.25
743.399,4.24
743.413,4.25
743.428,4.24
743.443,4.25
743.457,4.25
743.472,4.25
743.486,4.25
743.500,4.24
743.516,4.25
743.530,4.25
743.544,4.26
743.559,4.26
743.573,4.25
743.588,4.24
743.603,4.26
743.617,4.24
743.631,4.26
743.647,4.25
743.661,4.25
743.675,4.26
743.690,4.26
743.704,4.25
743.719,4.26
743.734,4.25
743.748,4.25
743.762,4.26
743.778,4.26
743.792,4.26
743.806,4.26
743.821,4.26
743.835,4.26
743.851,4.26
743.865,4.25
743.879,4.25
743.894,4.26
743.909,4.26
743.923,4.27
743.938,4.26
743.952,4.26
743.966,4.26
743.982,4.26
743.996,4.26
744.010,4.27
744.025,4.25
744.039,4.26
744.054,4.26
744.069,4.26
744.083,4.26
744.097,4.26
744.113,4.26
744.127,4.27
744.141,4.26
744.156,4.26
744.170,4.27
744.185,4.26
744.200,4.26
744.214,4.26
744.228,4.26
744.244,4.27
744.258,4.26
744.272,4.27
744.287,4.27
744.301,4.26
744.316,4.26
744.331,4.27
744.345,4.27
744.359,4.27
744.375,4.27
744.389,4.26
744.403,4.26
744.418,4.27
744.432,4.26
744.448,4.27
744.462,4.27
744.476,4.27
744.491,4.26
744.505,4.27
744.520,4.27
744.535,4.27
744.549,4.27
744.563,4.27
744.579,4.26
744.593,4.27
744.607,4.27
744.622,4.27
744.636,4.27
744.651,4.27
744.666,4.27
744.680,4.27
744.694,4.27
744.710,4.28
744.724,4.28
744.738,4.28
744.753,4.28
744.767,4.27
744.782,4.28
744.797,4.28
744.811,4.27
744.825,4.28
744.841,4.28
744.855,4.27
744.869,4.27
744.884,4.27
744.898,4.28
744.913,4.28
744.928,4.28
744.942,4.28
744.956,4.27
744.971,4.28
744.986,4.27
745.000,4.27
745.015,4.27
745.029,4.28
745.044,4.27
745.059,4.28
745.073,4.28
745.088,4.28
745.102,4.28
745.117,4.28
745.132,4.28
745.146,4.28
745.160,4.28
745.176,4.28
745.190,4.28
745.204,4.29
745.219,4.28
745.233,4.28
745.248,4.28
745.263,4.28
745.277,4.27
745.291,4.28
745.307,4.28
745.321,4.28
745.335,4.28
745.350,4.28
745.364,4.28
745.379,4.29
745.394,4.29
745.408,4.29
745.422,4.29
745.437,4.29
745.452,4.29
745.466,4.29
745.481,4.29
745.495,4.29
745.510,4.30
745.525,4.29
745.539,4.28
745.553,4.29
745.568,4.29
745.583,4.28
745.597,4.29
745.612,4.29
745.626,4.29
745.641,4.28
745.656,4.29
745.670,4.29
745.684,4.29
745.699,4.29
745.714,4.29
745.729,4.29
745.743,4.29
745.757,4.29
745.773,4.29
745.787,4.29
745.801,4.30
745.816,4.29
745.830,4.29
745.845,4.29
745.860,4.29
745.874,4.30
745.888,4.29
745.903,4.29
745.918,4.30
745.932,4.29
745.947,4.29
745.961,4.30
745.976,4.30
745.991,4.30
746.005,4.29
746.019,4.30
746.034,4.30
746.049,4.30
746.063,4.30
746.078,4.29
746.092,4.29
746.107,4.30
746.122,4.30
746.136,4.30
746.150,4.30
746.165,4.31
746.180,4.30
746.194,4.30
746.209,4.30
746.223,4.30
746.238,4.31
746.253,4.31
746.267,4.31
746.281,4.30
746.296,4.30
746.311,4.30
746.326,4.30
746.340,4.31
746.354,4.31
746.369,4.31
746.384,4.30
746.398,4.30
746.413,4.31
746.427,4.31
746.442,4.31
746.457,4.30
746.471,4.31
746.485,4.30
746.500,4.30
746.515,4.31
746.529,4.30
746.544,4.30
746.558,4.30
746.573,4.31
746.588,4.31
746.602,4.31
746.616,4.31
746.631,4.30
746.646,4.31
746.660,4.31
746.675,4.31
746.689,4.30
746.704,4.31
746.719,4.31
746.733,4.30
746.747,4.31
746.762,4.31
746.777,4.30
746.791,4.31
746.806,4.31
746.820,4.30
746.834,4.31
746.850,4.30
746.864,4.31
746.878,4.30
746.893,4.31
746.908,4.31
746.923,4.31
746.937,4.31
746.951,4.30
746.966,4.31
746.981,4.31
746.995,4.31
747.010,4.30
747.024,4.31
747.039,4.31
747.054,4.31
747.068,4.32
747.082,4.31
747.097,4.31
747.112,4.31
747.126,4.31
747.141,4.31
747.155,4.31
747.170,4.31
747.185,4.32
747.199,4.32
747.213,4.32
747.228,4.31
747.243,4.31
747.257,4.31
747.272,4.31
747.286,4.31
747.300,4.32
747.316,4.32
747.330,4.32
747.344,4.31
747.359,4.32
747.374,4.31
747.388,4.32
747.403,4.32
747.417,4.31
747.431,4.31
747.447,4.31
747.461,4.31
747.475,4.32
747.490,4.31
747.505,4.31
747.520,4.32
747.534,4.32
747.548,4.32
747.563,4.32
747.578,4.32
747.592,4.32
747.607,4.32
747.621,4.32
747.636,4.32
747.651,4.33
747.665,4.32
747.679,4.32
747.694,4.33
747.709,4.33
747.723,4.33
747.738,4.32
747.752,4.32
747.766,4.32
747.782,4.32
747.796,4.33
747.810,4.33
747.825,4.32
747.840,4.32
747.854,4.32
747.869,4.32
747.883,4.33
747.897,4.32
747.913,4.32
747.927,4.33
747.941,4.33
747.956,4.32
747.971,4.33
747.985,4.32
748.000,4.33
748.014,4.33
748.028,4.33
748.044,4.33
748.058,4.32
748.072,4.33
748.087,4.32
748.102,4.33
748.116,4.33
748.131,4.33
748.145,4.33
748.160,4.33
748.175,4.33
748.189,4.32
748.204,4.33
748.218,4.33
748.232,4.33
748.248,4.34
748.262,4.33
748.276,4.34
748.291,4.33
748.306,4.33
748.320,4.32
748.335,4.33
748.349,4.34
748.363,4.33
748.379,4.33
748.393,4.33
748.407,4.33
748.422,4.34
748.437,4.33
748.451,4.33
748.466,4.33
748.480,4.32
748.494,4.34
748.510,4.34
748.524,4.33
748.538,4.34
748.553,4.33
748.568,4.34
748.582,4.34
748.597,4.34
748.611,4.34
748.625,4.33
748.641,4.33
748.655,4.32
748.669,4.33
748.684,4.33
748.698,4.33
748.713,4.34
748.728,4.33
748.742,4.33
748.756,4.34
748.772,4.34
748.786,4.33
748.801,4.33
748.815,4.34
748.829,4.33
748.845,4.34
748.859,4.34
748.873,4.34
748.888,4.34
748.903,4.34
748.917,4.34
748.932,4.34
748.946,4.34
748.960,4.34
748.976,4.33
748.990,4.34
749.004,4.34
749.019,4.34
749.034,4.34
749.048,4.34
749.063,4.34
749.077,4.34
749.091,4.34
749.107,4.34
749.121,4.34
749.135,4.34
749.150,4.33
749.164,4.34
749.179,4.34
749.194,4.34
749.208,4.34
749.222,4.34
749.238,4.34
749.252,4.35
749.266,4.34
749.281,4.35
749.295,4.35
749.310,4.34
749.325,4.35
749.339,4.35
749.353,4.35
749.369,4.34
749.383,4.35
749.398,4.34
749.412,4.35
749.426,4.35
749.442,4.35
749.456,4.34
749.470,4.33
749.485,4.35
749.500,4.34
749.514,4.34
749.529,4.35
749.543,4.34
749.557,4.35
749.573,4.34
749.587,4.34
749.601,4.35
749.616,4.35
749.630,4.34
749.645,4.35
749.660,4.35
749.674,4.34
749.688,4.35
749.704,4.34
749.718,4.35
749.732,4.35
749.747,4.35
749.761,4.35
749.776,4.35
749.791,4.35
749.805,4.35
749.819,4.34
749.835,4.35
749.849,4.35
749.863,4.35
749.878,4.35
749.892,4.35
749.907,4.35
749.922,4.35
749.936,4.35
749.950,4.35
749.966,4.35
749.980,4.35
749.995,4.35
750.009,4.35
750.023,4.35
750.039,4.35
750.053,4.35
750.067,4.35
750.082,4.35
750.096,4.35
750.111,4.35
750.126,4.35
750.140,4.35
750.154,4.35
750.170,4.35
750.184,4.35
750.198,4.35
750.213,4.35
750.227,4.35
750.242,4.35
750.257,4.35
750.271,4.35
750.285,4.35
750.301,4.35
750.315,4.35
750.329,4.35
750.344,4.35
750.358,4.35
750.373,4.35
750.388,4.35
750.402,4.35
750.416,4.35
750.432,4.35
750.446,4.35
750.460,4.35
750.475,4.35
750.489,4.35
750.504,4.36
750.519,4.35
750.533,4.36
750.547,4.36
750.562,4.35
750.577,4.36
750.592,4.36
750.606,4.35
750.620,4.35
750.636,4.35
750.650,4.36
750.664,4.35
750.679,4.35
750.693,4.35
750.708,4.35
750.723,4.35
750.737,4.35
750.751,4.35
750.767,4.35
750.781,4.35
750.795,4.35
750.810,4.35
750.824,4.35
750.839,4.36
750.854,4.35
750.868,4.36
750.882,4.36
750.898,4.35
750.912,4.36
750.926,4.36
750.941,4.36
750.955,4.36
750.970,4.35
750.985,4.36
750.999,4.35
751.013,4.36
751.028,4.36
751.043,4.36
751.057,4.36
751.072,4.35
751.086,4.36
751.101,4.35
751.116,4.36
751.130,4.36
751.144,4.36
751.159,4.36
751.174,4.36
751.188,4.37
751.203,4.37
751.217,4.36
751.233,4.37
751.247,4.36
751.261,4.35
751.276,4.36
751.290,4.36
751.305,4.37
751.320,4.36
751.334,4.36
751.348,4.35
751.364,4.36
751.378,4.36
751.392,4.37
751.407,4.36
751.421,4.36
751.436,4.36
751.451,4.36
751.465,4.36
751.479,4.36
751.494,4.37
751.509,4.36
751.523,4.37
751.538,4.37
751.552,4.36
751.567,4.37
751.582,4.37
751.596,4.36
751.610,4.36
751.625,4.37
751.640,4.36
751.654,4.36
751.669,4.36
751.683,4.37
751.698,4.37
751.713,4.37
751.727,4.37
751.741,4.37
751.756,4.37
751.771,4.36
751.785,4.38
751.800,4.37
751.814,4.36
751.830,4.37
751.844,4.37
751.858,4.37
751.873,4.36
751.887,4.37
751.902,4.37
751.917,4.37
751.931,4.36
751.945,4.37
751.960,4.37
751.975,4.37
751.989,4.36
752.004,4.36
752.018,4.38
752.033,4.37
752.048,4.37
752.062,4.37
752.076,4.37
752.091,4.38
752.106,4.37
752.120,4.37
752.135,4.36
752.149,4.37
752.164,4.37
752.179,4.37
752.193,4.37
752.207,4.38
752.222,4.38
752.237,4.36
752.251,4.36
752.266,4.37
752.280,4.36
752.295,4.38
752.310,4.36
752.324,4.37
752.338,4.37
752.353,4.37
752.368,4.38
752.382,4.37
752.397,4.37
752.411,4.37
752.425,4.37
752.441,4.37
752.455,4.37
752.470,4.38
752.484,4.37
752.499,4.37
752.514,4.36
752.528,4.37
752.542,4.38
752.557,4.37
752.572,4.37
752.586,4.37
752.601,4.37
752.615,4.37
752.630,4.37
752.645,4.37
752.659,4.38
752.673,4.37
752.688,4.38
752.703,4.37
752.717,4.38
752.732,4.38
752.746,4.37
752.761,4.37
752.776,4.38
752.790,4.38
752.804,4.37
752.819,4.37
752.834,4.37
752.848,4.37
752.863,4.37
752.877,4.37
752.891,4.37
752.907,4.37
752.921,4.38
752.935,4.37
752.950,4.38
752.965,4.38
752.979,4.38
752.994,4.37
753.008,4.38
753.022,4.37
753.038,4.38
753.052,4.39
753.067,4.38
753.081,4.37
753.096,4.38
753.111,4.38
753.125,4.38
753.139,4.38
753.154,4.39
753.169,4.37
753.183,4.38
753.198,4.37
753.212,4.38
753.227,4.37
753.242,4.39
753.256,4.37
753.270,4.37
753.285,4.37
753.300,4.39
753.314,4.38
753.329,4.38
753.343,4.37
753.357,4.38
753.373,4.37
753.387,4.38
753.401,4.37
753.416,4.38
753.431,4.39
753.445,4.38
753.460,4.37
753.474,4.38
753.488,4.38
753.504,4.37
753.518,4.37
753.532,4.39
753.547,4.37
753.562,4.38
753.576,4.37
753.591,4.39
753.605,4.39
753.619,4.38
753.635,4.38
753.649,4.39
753.664,4.37
753.678,4.39
753.693,4.37
753.708,4.39
753.722,4.40
753.736,4.39
753.751,4.38
753.766,4.37
753.780,4.38
753.795,4.38
753.809,4.38
753.823,4.39
753.839,4.39
753.853,4.38
753.867,4.39
753.882,4.39
753.897,4.39
753.911,4.39
753.926,4.39
753.940,4.39
753.954,4.38
753.970,4.38
753.984,4.39
753.998,4.39
754.013,4.38
754.028,4.39
754.042,4.39
754.057,4.39
754.071,4.38
754.085,4.38
754.101,4.39
754.115,4.39
754.129,4.39
754.144,4.39
754.159,4.40
754.173,4.39
754.188,4.39
754.202,4.39
754.216,4.40
754.232,4.39
754.246,4.39
754.260,4.39
754.275,4.39
754.289,4.39
754.305,4.39
754.319,4.38
754.333,4.39
754.348,4.39
754.363,4.39
754.377,4.39
754.392,4.39
754.406,4.39
754.420,4.39
754.436,4.39
754.450,4.40
754.464,4.39
754.479,4.39
754.494,4.39
754.508,4.39
754.523,4.39
754.537,4.39
754.551,4.40
754.567,4.40
754.581,4.39
754.595,4.40
754.610,4.39
754.625,4.39
754.639,4.40
754.654,4.39
754.668,4.40
754.682,4.40
754.698,4.40
754.712,4.39
754.726,4.39
754.741,4.39
754.755,4.40
754.770,4.39
754.785,4.39
754.799,4.40
754.813,4.39
754.829,4.39
754.843,4.40
754.857,4.39
754.872,4.39
754.886,4.39
754.902,4.40
754.916,4.40
754.930,4.40
754.945,4.40
754.960,4.39
754.974,4.39
754.989,4.40
755.003,4.39
755.017,4.40
755.033,4.40
755.047,4.40
755.061,4.39
755.076,4.39
755.091,4.39
755.105,4.39
755.120,4.40
755.134,4.40
755.148,4.40
755.164,4.40
755.178,4.40
755.192,4.40
755.207,4.40
755.221,4.39
755.236,4.39
755.251,4.39
755.265,4.40
755.279,4.40
755.295,4.41
755.309,4.40
755.323,4.39
755.338,4.40
755.352,4.39
755.367,4.40
755.382,4.40
755.396,4.40
755.410,4.39
755.426,4.40
755.440,4.39
755.454,4.40
755.469,4.40
755.483,4.39
755.499,4.40
755.513,4.40
755.527,4.40
755.542,4.40
755.557,4.41
755.571,4.40
755.586,4.40
755.600,4.41
755.614,4.40
755.630,4.41
755.644,4.40
755.658,4.40
755.673,4.40
755.687,4.39
755.702,4.40
755.717,4.41
755.731,4.41
755.745,4.40
755.761,4.40
755.775,4.40
755.789,4.39
755.804,4.40
755.818,4.40
755.833,4.40
755.848,4.40
755.862,4.40
755.876,4.41
755.892,4.40
755.906,4.40
755.920,4.40
755.935,4.40
755.949,4.40
755.964,4.40
755.979,4.40
755.993,4.41
756.007,4.40
756.023,4.40
756.037,4.40
756.051,4.40
756.066,4.40
756.080,4.41
756.096,4.41
756.110,4.41
756.124,4.40
756.139,4.41
756.153,4.40
756.168,4.40
756.183,4.40
756.197,4.41
756.211,4.41
756.227,4.41
756.241,4.40
756.255,4.41
756.270,4.41
756.284,4.40
756.299,4.40
756.314,4.41
756.328,4.41
756.342,4.40
756.358,4.41
756.372,4.40
756.386,4.41
756.401,4.40
756.415,4.40
756.430,4.41
756.445,4.41
756.459,4.42
756.473,4.40
756.489,4.41
756.503,4.41
756.517,4.40
756.532,4.41
756.546,4.42
756.561,4.41
756.576,4.41
756.590,4.41
756.604,4.40
756.619,4.40
756.634,4.40
756.648,4.40
756.663,4.41
756.677,4.41
756.692,4.41
756.707,4.41
756.721,4.40
756.736,4.41
756.750,4.40
756.765,4.40
756.780,4.42
756.794,4.41
756.808,4.41
756.824,4.41
756.838,4.41
756.852,4.41
756.867,4.41
756.881,4.41
756.896,4.41
756.911,4.41
756.925,4.41
756.939,4.40
756.955,4.41
756.969,4.41
756.983,4.41
756.998,4.40
757.012,4.41
757.027,4.40
757.042,4.42
757.056,4.41
757.070,4.41
757.085,4.41
757.100,4.41
757.114,4.41
757.129,4.41
757.143,4.41
757.158,4.42
757.173,4.41
757.187,4.41
757.201,4.41
757.216,4.41
757.231,4.41
757.245,4.41
757.260,4.42
757.274,4.41
757.289,4.41
757.304,4.41
757.318,4.41
757.332,4.41
757.347,4.42
757.362,4.41
757.377,4.42
757.391,4.41
757.405,4.41
757.421,4.41
757.435,4.40
757.449,4.42
757.464,4.41
757.478,4.41
757.493,4.42
757.508,4.41
757.522,4.42
757.536,4.41
757.551,4.41
757.566,4.42
757.580,4.41
757.595,4.41
757.609,4.41
757.624,4.42
757.639,4.41
757.653,4.41
757.667,4.42
757.682,4.41
757.697,4.42
757.711,4.42
757.726,4.42
757.740,4.41
757.755,4.41
757.770,4.41
757.784,4.42
757.798,4.42
757.813,4.41
757.828,4.41
757.842,4.42
757.857,4.42
757.871,4.41
757.886,4.41
757.901,4.42
757.915,4.42
757.929,4.42
757.944,4.42
757.959,4.41
757.974,4.42
757.988,4.42
758.002,4.41
758.017,4.42
758.032,4.42
758.046,4.42
758.061,4.42
758.075,4.41
758.090,4.41
758.105,4.42
758.119,4.41
758.133,4.42
758.148,4.42
758.163,4.42
758.177,4.42
758.192,4.43
758.206,4.41
758.221,4.41
758.236,4.41
758.250,4.42
758.264,4.42
758.279,4.42
758.294,4.42
758.308,4.41
758.323,4.42
758.337,4.43
758.352,4.41
758.367,4.42
758.381,4.42
758.395,4.41
758.410,4.41
758.425,4.43
758.439,4.42
758.454,4.42
758.468,4.41
758.482,4.43
758.498,4.41
758.512,4.41
758.526,4.41
758.541,4.42
758.556,4.41
758.571,4.42
758.585,4.41
758.599,4.42
758.614,4.42
758.629,4.42
758.643,4.42
758.658,4.43
758.672,4.42
758.687,4.41
758.702,4.41
758.716,4.43
758.730,4.42
758.745,4.41
758.760,4.42
758.774,4.43
758.789,4.42
758.803,4.41
758.818,4.42
758.833,4.42
758.847,4.43
758.861,4.42
758.876,4.42
758.891,4.42
758.905,4.42
758.920,4.42
758.934,4.43
758.948,4.42
758.964,4.43
758.978,4.43
758.992,4.42
759.007,4.43
759.022,4.43
759.036,4.42
759.051,4.41
759.065,4.42
759.079,4.42
759.095,4.42
759.109,4.42
759.123,4.42
759.138,4.42
759.153,4.43
759.168,4.42
759.182,4.43
759.196,4.43
759.211,4.42
759.226,4.42
759.240,4.43
759.255,4.43
759.269,4.42
759.284,4.43
759.299,4.42
759.313,4.42
759.327,4.42
759.342,4.43
759.357,4.42
759.371,4.43
759.386,4.43
759.400,4.42
759.414,4.42
759.430,4.42
759.444,4.43
759.458,4.42
759.473,4.43
759.488,4.43
759.502,4.43
759.517,4.43
759.531,4.42
759.545,4.43
759.561,4.42
759.575,4.42
759.589,4.43
759.604,4.43
759.619,4.43
759.633,4.43
759.648,4.43
759.662,4.43
759.676,4.42
759.692,4.44
759.706,4.43
759.720,4.43
759.735,4.43
759.750,4.42
759.764,4.42
759.779,4.42
759.793,4.43
759.808,4.42
759.823,4.43
759.837,4.43
759.852,4.43
759.866,4.42
759.880,4.43
759.896,4.42
759.910,4.42
759.924,4.43
759.939,4.43
759.954,4.42
759.968,4.43
759.983,4.44
759.997,4.43
760.011,4.42
760.027,4.43
760.041,4.42
760.055,4.43
760.070,4.43
760.085,4.42
760.099,4.43
760.114,4.43
760.128,4.43
760.142,4.42
760.158,4.42
760.172,4.43
760.186,4.43
760.201,4.43
760.216,4.42
760.230,4.43
760.245,4.42
760.259,4.44
760.273,4.43
760.289,4.42
760.303,4.43
760.317,4.43
760.332,4.43
760.346,4.44
760.361,4.43
760.376,4.43
760.390,4.42
760.404,4.43
760.420,4.43
760.434,4.43
760.449,4.44
760.463,4.43
760.477,4.42
760.493,4.43
760.507,4.43
760.521,4.43
760.536,4.43
760.551,4.43
760.565,4.43
760.580,4.43
760.594,4.43
760.608,4.43
760.624,4.43
760.638,4.43
760.652,4.44
760.667,4.43
760.682,4.42
760.696,4.43
760.711,4.42
760.725,4.44
760.739,4.44
760.755,4.44
760.769,4.43
760.783,4.43
760.798,4.44
760.812,4.43
760.827,4.43
760.842,4.43
760.856,4.43
760.870,4.44
760.886,4.43
760.900,4.43
760.914,4.43
760.929,4.43
760.943,4.43
760.958,4.44
760.973,4.43
760.987,4.43
761.001,4.43
761.017,4.44
761.031,4.43
761.046,4.43
761.060,4.43
761.074,4.43
761.090,4.43
761.104,4.44
761.118,4.43
761.133,4.44
761.148,4.44
761.162,4.43
761.177,4.44
761.191,4.43
761.205,4.43
761.221,4.43
761.235,4.43
761.249,4.44
761.264,4.43
761.278,4.43
761.293,4.43
761.308,4.44
761.322,4.43
761.336,4.44
761.352,4.44
761.366,4.43
761.380,4.44
761.395,4.43
761.409,4.44
761.424,4.44
761.439,4.43
761.453,4.43
761.467,4.44
761.483,4.43
761.497,4.43
761.511,4.43
761.526,4.44
761.540,4.43
761.555,4.44
761.570,4.43
761.584,4.44
761.598,4.43
761.614,4.43
761.628,4.43
761.643,444
761.657,4.44
761.671,4.43
761.687,4.44
761.701,4.44
761.715,4.44
761.730,4.44
761.744,4.43
761.759,4.43
761.774,4.44
761.788,4.43
761.802,4.44
761.818,4.44
761.832,4.44
761.846,4.43
761.861,4.44
761.875,4.43
761.890,4.44
761.905,4.44
761.919,4.44
761.933,4.44
761.949,4.44
761.963,4.44
761.977,4.43
761.992,4.44
762.006,4.44
762.021,4.44
762.036,4.43
762.050,4.44
762.064,4.44
762.080,4.44
762.094,4.43
762.108,4.44
762.123,4.43
762.137,4.44
762.152,4.44
762.167,4.43
762.181,4.44
762.195,4.43
762.210,4.44
762.225,4.43
762.240,4.43
762.254,4.44
762.268,4.43
762.284,4.44
762.298,4.44
762.312,4.44
762.327,4.43
762.341,4.44
762.356,4.43
762.371,4.44
762.385,4.43
762.399,4.43
762.415,4.43
762.429,4.43
762.443,4.43
762.458,4.43
762.472,4.44
762.487,4.44
762.502,4.44
762.516,4.44
762.530,4.44
762.546,4.44
762.560,4.44
762.574,4.44
762.589,4.43
762.603,4.44
762.618,4.43
762.633,4.44
762.647,4.45
762.661,4.45
762.676,4.44
762.691,4.44
762.705,4.44
762.720,4.44
762.734,4.44
762.749,4.45
762.764,4.43
762.778,4.45
762.792,4.44
762.807,4.44
762.822,4.45
762.836,4.44
762.851,4.45
762.865,4.44
762.881,4.45
762.895,4.44
762.909,4.44
762.924,4.44
762.938,4.44
762.953,4.44
762.968,4.44
762.982,4.45
762.996,4.44
763.012,4.44
763.026,4.45
763.040,4.44
763.055,4.44
763.069,4.44
763.084,4.44
763.099,4.44
763.113,4.44
763.127,4.44
763.142,4.44
763.157,4.44
763.171,4.45
763.186,4.44
763.200,4.45
763.215,4.45
763.230,4.45
763.244,4.44
763.258,4.44
763.273,4.44
763.288,4.44
763.302,4.45
763.317,4.44
763.331,4.45
763.346,4.45
763.361,4.45
763.375,4.45
763.389,4.44
763.404,4.45
763.419,4.45
763.433,4.45
763.448,4.44
763.462,4.44
763.478,4.45
763.492,4.44
763.506,4.45
763.521,4.44
763.535,4.45
763.550,4.45
763.565,4.45
763.579,4.44
763.593,4.45
763.608,4.46
763.623,4.45
763.637,4.44
763.652,4.44
763.666,4.45
763.681,4.44
763.696,4.44
763.710,4.44
763.724,4.45
763.739,4.45
763.754,4.44
763.768,4.45
763.783,4.45
763.797,4.45
763.812,4.45
763.827,4.45
763.841,4.45
763.855,4.44
763.870,4.45
763.885,4.45
763.899,4.45
763.914,4.45
763.928,4.46
763.943,4.44
763.958,4.44
763.972,4.45
763.986,4.45
764.001,4.45
764.016,4.45
764.030,4.44
764.045,4.45
764.059,4.46
764.073,4.45
764.089,4.45
764.103,4.46
764.118,4.45
764.132,4.45
764.147,4.46
764.162,4.46
764.176,4.45
764.190,4.44
764.205,4.45
764.220,4.44
764.234,4.46
764.249,4.44
764.263,4.45
764.278,4.46
764.293,4.45
764.307,4.46
764.321,4.45
764.336,4.45
764.351,4.45
764.365,4.46
764.380,4.45
764.394,4.45
764.409,4.46
764.424,4.46
764.438,4.44
764.452,4.45
764.467,4.46
764.482,4.46
764.496,4.45
764.511,4.45
764.525,4.45
764.539,4.44
764.555,4.45
764.569,4.44
764.583,4.45
764.598,4.45
764.613,4.45
764.627,4.45
764.642,4.45
764.656,4.45
764.670,4.45
764.686,4.45
764.700,4.45
764.715,4.45
764.729,4.45
764.744,4.44
764.759,4.45
764.773,4.45
764.787,4.46
764.802,4.45
764.817,4.45
764.831,4.45
764.846,4.44
764.860,4.46
764.875,4.45
764.890,4.45
764.904,4.45
764.918,4.45
764.933,4.44
764.948,4.45
764.962,4.44
764.977,4.45
764.991,4.46
765.005,4.45
765.021,4.44
765.035,4.44
765.049,4.44
765.064,4.45
765.079,4.45
765.093,4.44
765.108,4.45
765.122,4.45
765.136,4.45
765.152,4.45
765.166,4.45
765.180,4.46
765.195,4.45
765.210,4.46
765.224,4.45
765.239,4.46
765.253,4.45
765.267,4.44
765.283,4.44
765.297,4.45
765.312,4.46
765.326,4.45
765.341,4.45
765.356,4.45
765.370,4.44
765.384,4.45
765.399,4.44
765.414,4.45
765.428,4.45
765.443,4.45
765.457,4.45
765.471,4.45
765.487,4.44
765.501,4.45
765.515,4.45
765.530,4.44
765.545,4.44
765.559,4.45
765.574,4.46
765.588,4.45
765.602,4.45
765.618,4.45
765.632,4.44
765.646,4.45
765.661,4.45
765.676,4.45
765.690,4.45
765.705,4.45
765.719,4.44
765.733,4.45
765.749,4.46
765.763,4.45
765.777,4.45
765.792,4.45
765.807,4.46
765.821,4.45
765.836,4.46
765.850,4.45
765.864,4.45
765.880,4.46
765.894,4.46
765.908,4.46
765.923,4.46
765.937,4.45
765.953,4.45
765.967,4.45
765.981,4.46
765.996,4.46
766.011,4.46
766.025,4.46
766.040,4.45
766.054,4.45
766.068,4.45
766.084,4.45
766.098,4.45
766.112,4.45
766.127,4.45
766.142,4.45
766.156,4.45
766.171,4.45
766.185,4.46
766.199,4.46
766.215,4.45
766.229,4.46
766.243,4.46
766.258,4.46
766.273,4.46
766.287,4.45
766.302,4.45
766.316,4.45
766.330,4.45
766.346,4.46
766.360,4.46
766.374,4.46
766.389,4.46
766.403,4.45
766.418,4.46
766.433,4.46
766.447,4.45
766.461,4.45
766.477,4.45
766.491,4.46
766.505,4.46
766.520,4.46
766.534,4.45
766.550,4.45
766.564,4.46
766.578,4.46
766.593,4.46
766.608,4.46
766.622,4.46
766.637,4.46
766.651,4.46
766.665,4.46
766.681,4.45
766.695,4.45
766.709,4.45
766.724,4.46
766.739,4.46
766.753,4.46
766.768,4.46
766.782,4.45
766.796,4.45
766.812,4.45
766.826,4.45
766.840,4.45
766.855,4.45
766.869,4.45
766.884,4.46
766.899,4.46
766.913,4.46
766.927,4.46
766.943,4.46
766.957,4.46
766.971,4.46
766.986,4.45
767.000,4.45
767.015,4.46
767.030,4.45
767.044,4.45
767.058,4.46
767.074,4.45
767.088,4.46
767.102,4.46
767.117,4.46
767.131,4.46
767.147,4.46
767.161,4.46
767.175,4.46
767.190,4.45
767.205,4.46
767.219,4.46
767.234,4.45
767.248,4.45
767.262,4.46
767.278,4.46
767.292,4.46
767.306,4.45
767.321,4.45
767.335,4.46
767.350,4.46
767.365,4.45
767.379,4.46
767.393,4.45
767.409,4.46
767.423,4.45
767.437,4.46
767.452,4.45
767.466,4.45
767.481,4.45
767.496,4.46
767.510,4.47
767.524,4.46
767.540,4.46
767.554,4.45
767.568,4.46
767.583,4.46
767.597,4.45
767.612,4.46
767.627,4.45
767.641,4.45
767.654.46
767.671,4.47
767.685,4.46
767.699,4.46
767.714,4.45
767.728,4.45
767.744,4.45
767.758,4.46
767.772,4.46
767.787,4.46
767.801,4.46
767.816,4.45
767.831,4.46
767.845,4.45
767.859,4.46
767.875,4.46
767.889,4.47
767.903,4.46
767.918,4.45
767.932,4.46
767.947,4.46
767.962,4.46
767.976,4.45
767.990,4.46
768.006,4.45
768.020,4.46
768.034,4.47
768.049,4.46
768.063,4.45
768.078,4.46
768.093,4.46
768.107,4.46
768.121,4.46
768.137,4.45
768.151,4.47
768.165,4.46
768.180,4.45
768.194,4.46
768.209,4.46
768.224,4.45
768.238,4.46
768.252,4.45
768.267,4.46
768.282,4.47
768.296,4.46
768.311,4.46
768.325,4.46
768.340,4.46
768.355,4.47
768.369,4.47
768.384,4.46
768.398,4.47
768.413,4.46
768.428,4.46
768.442,4.46
768.456,4.47
768.472,4.47
768.486,4.47
768.500,4.47
768.515,4.47
768.529,4.46
768.544,4.45
768.559,4.46
768.573,4.45
768.587,4.47
768.603,4.47
768.617,4.46
768.631,4.46
768.646,4.46
768.660,4.46
768.675,4.46
768.690,4.47
768.704,4.46
768.718,4.46
768.733,4.47
768.748,4.46
768.762,4.47
768.777,4.46
768.791,4.47
768.806,4.47
768.821,4.47
768.835,4.47
768.849,4.46
768.864,4.47
768.879,4.46
768.893,4.46
768.908,4.47
768.922,4.47
768.937,4.46
768.952,4.47
768.966,4.46
768.980,4.47
768.995,4.47
769.010,4.46
769.025,4.45
769.039,4.47
769.053,4.46
769.069,4.47
769.083,4.47
769.097,4.46
769.112,4.46
769.126,4.47
769.141,4.46
769.156,4.48
769.170,4.47
769.184,4.47
769.199,4.47
769.214,4.47
769.228,4.47
769.243,4.47
769.257,4.47
769.272,4.47
769.287,4.46
769.301,4.46
769.315,4.47
769.330,4.47
769.345,4.47
769.359,4.46
769.374,4.47
769.388,4.47
769.403,4.47
769.418,4.46
769.432,4.47
769.446,4.46
769.461,4.47
769.476,4.47
769.490,4.46
769.505,4.46
769.519,4.46
769.534,4.46
769.549,4.46
769.563,4.46
769.577,4.47
769.592,4.47
769.607,4.47
769.622,4.46
769.636,4.46
769.650,4.46
769.665,4.47
769.680,4.46
769.694,4.47
769.709,4.47
769.723,4.47
769.738,4.46
769.753,4.47
769.767,4.48
769.781,4.47
769.796,4.46
769.811,4.46
769.825,4.46
769.840,4.47
769.854,4.46
769.869,4.47
769.884,4.48
769.898,4.47
769.912,4.47
769.927,4.47
769.942,4.47
769.956,4.46
769.971,4.47
769.985,4.47
770.000,4.48
770.015,4.47
770.029,4.48
770.043,4.48
770.058,4.48
770.073,4.47
770.087,4.47
770.102,4.47
770.116,4.47
770.130,4.48
770.146,4.47
770.160,4.48
770.174,4.47
770.189,4.46
770.204,4.47
770.219,4.47
770.233,4.48
770.247,4.47
770.262,4.48
770.277,4.47
770.291,4.48
770.306,4.47
770.320,4.47
770.335,4.47
770.350,4.48
770.364,4.47
770.378,4.48
770.393,4.48
770.408,4.47
770.422,4.48
770.437,4.47
770.451,4.48
770.466,4.47
770.481,4.46
770.495,4.47
770.509,4.47
770.524,4.47
770.539,4.48
770.553,4.47
770.568,4.48
770.582,4.48
770.596,4.47
770.612,4.47
770.626,4.48
770.640,4.47
770.655,4.48
770.670,4.48
770.684,4.48
770.699,4.48
770.713,4.48
770.727,4.48
770.743,4.47
770.757,4.47
770.771,4.48
770.786,4.47
770.801,4.47
770.816,4.47
770.830,4.48
770.844,4.48
770.859,4.47
770.874,4.47
770.888,4.47
770.903,4.47
770.917,4.48
770.932,4.48
770.947,4.49
770.961,4.47
770.975,4.47
770.990,4.47
771.005,4.48
771.019,4.48
771.034,4.48
771.048,4.49
771.062,4.48
771.078,4.48
771.092,4.48
771.106,4.47
771.121,4.47
771.136,4.47
771.150,4.48
771.165,4.48
771.179,4.48
771.193,4.47
771.209,4.47
771.223,4.47
771.237,4.48
771.252,4.48
771.267,4.47
771.281,4.48
771.296,4.48
771.310,4.48
771.324,4.47
771.340,4.47
771.354,4.47
771.368,4.47
771.383,4.48
771.398,4.48
771.412,4.48
771.427,4.48
771.441,4.48
771.456,4.48
771.471,4.47
771.485,4.48
771.500,4.47
771.514,4.48
771.528,4.47
771.544,4.48
771.558,4.47
771.572,4.47
771.587,4.49
771.602,4.48
771.616,4.48
771.631,4.48
771.645,4.48
771.659,4.48
771.675,4.48
771.689,4.47
771.703,4.48
771.718,4.49
771.733,4.48
771.747,4.47
771.762,4.48
771.776,4.48
771.790,4.49
771.806,4.48
771.820,4.49
771.834,4.47
771.849,4.48
771.864,4.47
771.878,4.49
771.893,4.49
771.907,4.47
771.921,4.48
771.937,4.49
771.951,4.48
771.965,4.49
771.980,4.47
771.994,4.47
772.009,4.49
772.024,4.47
772.038,4.49
772.052,4.48
772.068,4.47
772.082,4.48
772.097,4.47
772.111,4.48
772.125,4.48
772.141,4.48
772.155,4.48
772.169,4.48
772.184,4.48
772.199,4.48
772.213,4.48
772.228,4.47
772.242,4.47
772.256,4.48
772.272,4.48
772.286,4.48
772.300,4.48
772.315,4.48
772.330,4.48
772.344,4.48
772.359,4.48
772.373,4.48
772.387,4.49
772.403,4.48
772.417,4.48
772.431,4.48
772.446,4.48
772.460,4.49
772.475,4.49
772.490,4.47
772.504,4.47
772.518,4.47
772.534,4.47
772.548,4.48
772.562,4.48
772.577,4.48
772.591,4.47
772.606,4.48
772.621,4.48
772.635,4.47
772.649,4.48
772.665,4.47
772.679,4.47
772.694,4.48
772.708,4.48
772.722,4.48
772.738,4.48
772.752,4.48
772.766,4.47
772.781,4.48
772.796,4.47
772.810,4.48
772.825,4.48
772.839,4.48
772.853,4.47
772.869,4.47
772.883,4.47
772.897,4.48
772.912,4.48
772.926,4.48
772.941,4.47
772.956,4.47
772.970,4.47
772.984,4.47
773.000,4.47
773.014,4.47
773.028,4.48
773.043,4.48
773.057,4.48
773.072,4.48
773.087,4.47
773.101,4.48
773.115,4.48
773.131,4.48
773.145,4.47
773.159,4.48
773.174,4.48
773.188,4.48
773.203,4.48
773.218,4.47
773.232,4.47
773.246,4.47
773.262,4.47
773.276,4.48
773.291,4.48
773.305,4.47
773.319,4.47
773.335,4.47
773.349,4.46
773.363,4.48
773.378,4.48
773.392,4.48
773.407,4.48
773.422,4.47
773.436,4.48
773.450,4.47
773.466,4.47
773.480,4.48
773.494,4.48
773.509,4.47
773.523,4.48
773.538,4.47
773.553,4.48
773.567,4.48
773.581,4.47
773.597,4.47
773.611,4.47
773.625,4.48
773.640,4.48
773.654,4.48
773.669,4.48
773.684,4.47
773.698,4.48
773.712,4.48
773.728,4.47
773.742,4.47
773.756,4.48
773.771,4.48
773.785,4.48
773.800,4.47
773.815,4.47
773.829,4.47
773.843,4.48
773.858,4.48
773.873,4.49
773.888,4.48
773.902,4.47
773.916,4.47
773.932,4.48
773.946,4.47
773.960,4.47
773.975,4.48
773.989,4.48
774.004,4.48
774.019,4.47
774.033,4.47
774.047,4.48
774.063,4.47
774.077,4.48
774.091,4.48
774.106,4.47
774.120,4.47
774.135,4.48
774.150,4.47
774.164,4.48
774.178,4.48
774.194,4.48
774.208,4.47
774.222,4.47
774.237,4.47
774.251,4.47
774.266,4.48
774.281,4.48
774.295,4.48
774.309,4.48
774.324,4.48
774.339,4.48
774.353,4.48
774.368,4.47
774.382,4.48
774.397,4.48
774.412,4.47
774.426,4.48
774.440,4.47
774.455,4.47
774.470,4.48
774.484,4.48
774.499,4.48
774.513,4.48
774.529,4.48
774.543,4.47
774.557,4.48
774.572,4.47
774.586,4.47
774.601,4.48
774.616,4.48
774.630,4.48
774.644,4.47
774.660,4.48
774.674,4.48
774.688,4.47
774.703,4.47
774.717,4.48
774.732,4.48
774.747,4.47
774.761,4.48
774.775,4.47
774.790,4.48
774.805,4.47
774.819,4.47
774.834,4.47
774.848,4.47
774.863,4.48
774.878,4.48
774.892,4.48
774.906,4.48
774.921,4.47
774.936,4.48
774.950,4.48
774.965,4.48
774.979,4.48
774.994,4.48
775.009,4.47
775.023,4.48
775.037,4.47
775.052,4.47
775.067,4.47
775.081,4.47
775.096,4.48
775.110,4.48
775.126,4.47
775.140,4.48
775.154,4.48
775.169,4.47
775.183,4.48
775.198,4.48
775.213,4.48
775.227,4.48
775.241,4.48
775.256,4.48
775.271,4.48
775.285,4.47
775.300,4.47
775.314,4.49
775.329,4.48
775.344,4.47
775.358,4.48
775.372,4.49
775.387,4.47
775.402,4.47
775.416,4.48
775.431,4.48
775.445,4.48
775.460,4.48
775.475,4.48
775.489,4.47
775.503,4.48
775.518,4.48
775.533,4.48
775.547,4.48
775.562,4.48
775.576,4.48
775.591,4.48
775.606,4.48
775.620,4.47
775.634,4.47
775.649,4.48
775.664,4.48
775.678,4.47
775.693,4.47
775.707,4.48
775.721,4.48
775.737,4.49
775.751,4.48
775.766,4.48
775.780,4.48
775.795,4.47
775.810,4.48
775.824,4.48
775.838,4.48
775.853,4.48
775.868,4.47
775.882,4.48
775.897,4.48
775.911,4.49
775.926,4.47
775.941,4.47
775.955,4.48
775.969,4.48
775.984,4.48
775.999,4.48
776.013,4.47
776.028,4.47
776.042,4.48
776.057,4.48
776.072,4.47
776.086,4.48
776.100,4.48
776.115,4.49
776.130,4.49
776.144,4.47
776.159,4.48
776.173,4.47
776.187,4.48
776.203,4.49
776.217,4.48
776.231,4.48
776.246,4.48
776.261,4.48
776.275,4.48
776.290,4.48
776.304,4.49
776.318,4.48
776.334,4.49
776.348,4.48
776.363,4.48
776.377,4.48
776.392,4.48
776.407,4.48
776.421,4.48
776.435,4.48
776.450,4.49
776.465,4.49
776.479,4.48
776.494,4.48
776.508,4.48
776.523,4.48
776.538,4.48
776.552,4.49
776.566,4.48
776.581,4.48
776.596,4.48
776.610,4.48
776.625,4.47
776.639,4.48
776.653,4.48
776.669,4.47
776.683,4.48
776.697,4.48
776.712,4.48
776.727,4.49
776.741,4.48
776.756,4.48
776.770,4.49
776.784,4.48
776.800,4.48
776.814,4.48
776.828,4.49
776.843,4.48
776.858,4.48
776.872,4.47
776.887,4.49
776.901,4.48
776.915,4.48
776.931,4.49
776.945,4.49
776.960,4.48
776.974,4.48
776.989,4.49
777.004,4.48
777.018,4.49
777.032,4.48
777.047,4.48
777.062,4.49
777.076,4.49
777.091,4.49
777.105,4.48
777.119,4.47
777.135,4.48
777.149,4.48
777.163,4.49
777.178,4.49
777.193,4.49
777.207,4.48
777.222,4.48
777.236,4.49
777.250,4.48
777.266,4.48
777.280,4.48
777.294,4.49
777.309,4.48
777.324,4.47
777.338,4.49
777.353,4.47
777.367,4.48
777.381,4.48
777.397,4.48
777.411,4.49
777.425,4.49
777.440,4.49
777.455,4.48
777.469,4.48
777.484,4.48
777.498,4.48
777.512,4.49
777.528,4.49
777.542,4.48
777.556,4.49
777.571,4.48
777.585,4.48
777.601,4.47
777.615,4.48
777.629,4.48
777.644,4.49
777.659,4.49
777.673,4.49
777.688,4.48
777.702,4.49
777.716,4.48
777.732,4.48
777.746,4.48
777.760,4.48
777.775,4.48
777.790,4.48
777.804,4.48
777.819,4.48
777.833,4.48
777.847,4.48
777.863,4.48
777.877,4.49
777.891,4.48
777.906,4.47
777.921,4.49
777.935,4.48
777.950,4.48
777.964,4.48
777.978,4.48
777.994,4.48
778.008,4.49
778.022,4.48
778.037,4.49
778.051,4.49
778.066,4.48
778.081,4.48
778.095,4.49
778.109,4.48
778.125,4.49
778.139,4.48
778.153,4.48
778.168,4.48
778.182,4.48
778.198,4.49
778.212,4.48
778.226,4.49
778.241,4.48
778.256,4.49
778.270,4.48
778.285,4.49
778.299,4.48
778.313,4.47
778.329,4.49
778.343,4.49
778.357,4.48
778.372,4.48
778.387,4.48
778.401,4.48
778.416,4.49
778.430,4.49
778.444,4.48
778.460,4.49
778.474,4.48
778.488,4.48
778.503,4.48
778.517,4.49
778.532,4.49
778.547,4.48
778.561,4.48
778.575,4.49
778.591,4.48
778.605,4.48
778.619,4.48
778.634,4.49
778.648,4.48
778.663,4.49
778.678,4.49
778.692,4.49
778.706,4.49
778.722,4.48
778.736,4.48
778.750,4.49
778.765,4.47
778.779,4.48
778.795,4.49
778.809,4.49
778.823,4.48
778.838,4.49
778.853,4.48
778.867,4.48
778.882,4.48
778.896,4.48
778.910,4.48
778.926,4.48
778.940,4.48
778.954,4.48
778.969,4.49
778.983,4.47
778.998,4.48
779.013,4.48
779.027,4.49
779.041,4.49
779.057,4.49
779.071,4.48
779.085,4.49
779.100,4.48
779.114,4.48
779.129,4.48
779.144,4.48
779.158,4.48
779.172,4.48
779.188,4.48
779.202,4.48
779.216,4.49
779.231,4.49
779.245,4.49
779.260,4.49
779.275,4.48
779.289,4.48
779.303,4.48
779.319,4.49
779.333,4.49
779.347,4.49
779.362,4.48
779.376,4.49
779.392,4.48
779.406,4.48
779.420,4.48
779.435,4.49
779.449,4.49
779.464,4.48
779.479,4.49
779.493,4.49
779.507,4.48
779.523,4.48
779.537,4.48
779.551,4.48
779.566,4.48
779.580,4.49
779.595,4.49
779.610,4.49
779.624,4.49
779.638,4.48
779.654,4.48
779.668,4.49
779.682,4.49
779.697,48
779.711,4.48
779.726,4.48
779.741,4.48
779.755,4.48
779.769,4.49
779.785,4.49
779.799,4.48
779.813,4.48
779.828,4.48
779.842,4.48
779.857,4.49
779.872,4.48
779.886,4.48
779.900,4.49
779.915,4.48
779.930,4.48
779.944,4.48
779.959,4.49
779.973,4.48
779.988,4.49
780.003,4.49
780.017,4.48
780.032,4.48
780.046,4.49
780.061,4.49
780.076,4.49
780.090,4.49
780.104,4.48
780.120,4.48
780.134,4.49
780.148,4.48
780.163,4.48
780.177,4.49
780.192,4.50
780.207,4.48
780.221,4.48
780.235,4.49
780.251,4.48
780.265,4.48
780.279,4.49
780.294,4.49
780.308,4.50
780.323,4.49
780.338,4.49
780.352,4.49
780.366,4.49
780.381,4.48
780.396,4.48
780.410,4.49
780.425,4.48
780.439,4.50
780.454,4.48
780.469,4.48
780.483,4.49
780.497,4.48
780.512,4.49
780.527,4.48
780.541,4.49
780.556,4.48
780.570,4.48
780.585,4.48
780.600,4.48
780.614,4.49
780.628,4.48
780.643,4.49
780.658,4.48
780.673,4.48
780.687,4.48
780.701,4.49
780.717,4.49
780.731,4.49
780.745,4.49
780.760,4.49
780.774,4.48
780.789,4.49
780.804,4.49
780.818,4.48
780.832,4.48
780.847,4.49
780.862,4.48
780.876,4.49
780.891,4.48
780.905,4.49
780.920,4.48
780.935,4.48
780.949,4.48
780.963,4.49
780.978,4.49
780.993,4.49
781.007,4.49
781.022,4.49
781.036,4.49
781.051,4.49
781.066,4.49
781.080,4.49
781.094,4.48
781.109,4.48
781.124,4.48
781.138,4.49
781.153,4.49
781.167,4.48
781.182,4.49
781.197,4.49
781.211,4.48
781.225,4.49
781.240,4.49
781.255,4.48
781.270,4.48
781.284,4.49
781.298,4.49
781.313,4.50
781.328,4.48
781.342,4.48
781.357,4.48
781.371,4.49
781.386,4.48
781.401,4.48
781.415,4.49
781.429,4.49
781.444,4.49
781.459,4.49
781.473,4.48
781.488,4.49
781.502,4.49
781.517,4.49
781.532,4.49
781.546,4.48
781.560,4.49
781.575,4.49
781.590,4.48
781.604,4.48
781.619,4.49
781.633,4.49
781.648,4.49
781.663,4.48
781.677,4.48
781.691,4.49
781.706,4.49
781.721,4.49
781.735,4.49
781.750,4.49
781.764,4.49
781.778,4.49
781.794,4.49
781.808,4.49
781.822,4.48
781.837,4.49
781.852,4.50
781.867,4.48
781.881,4.49
781.895,4.49
781.910,4.49
781.925,4.48
781.939,4.49
781.954,4.50
781.968,4.49
781.983,4.49
781.998,4.49
782.012,4.49
782.026,4.48
782.041,4.48
782.056,4.49
782.070,4.49
782.085,4.49
782.099,4.49
782.114,4.49
782.129,4.48
782.143,4.48
782.157,4.49
782.172,4.49
782.187,4.49
782.201,4.48
782.216,4.49
782.230,4.48
782.244,4.49
782.260,4.49
782.274,4.50
782.288,4.49
782.303,4.50
782.318,4.49
782.332,4.49
782.347,4.49
782.361,4.49
782.375,4.49
782.391,4.49
782.405,4.48
782.419,4.49
782.434,4.48
782.449,4.49
782.464,4.48
782.478,4.48
782.492,4.50
782.507,4.49
782.522,4.49
782.536,4.49
782.551,4.50
782.565,4.50
782.580,4.50
782.595,4.49
782.609,4.49
782.623,4.49
782.638,4.49
782.653,4.49
782.667,4.50
782.682,4.49
782.696,4.49
782.710,4.49
782.726,4.48
782.740,4.49
782.754,4.49
782.769,4.50
782.784,4.50
782.798,4.49
782.813,4.49
782.827,4.49
782.841,4.49
782.857,4.49
782.871,4.49
782.885,4.49
782.900,4.49
782.915,4.49
782.929,4.49
782.944,4.50
782.958,4.49
782.972,4.50
782.988,4.50
783.002,4.49
783.016,4.49
783.031,4.50
783.046,4.49
783.060,4.49
783.075,4.49
783.089,4.50
783.104,4.49
783.119,4.50
783.133,4.50
783.148,4.49
783.162,4.49
783.176,4.49
783.192,4.49
783.206,4.50
783.220,4.50
783.235,4.50
783.250,4.50
783.264,4.49
783.279,4.49
783.293,4.49
783.307,4.49
783.323,4.50
783.337,4.50
783.351,4.49
783.366,4.49
783.381,4.50
783.395,4.50
783.410,4.49
783.424,4.49
783.438,4.50
783.454,4.49
783.468,4.50
783.482,4.49
783.497,4.49
783.512,4.50
783.526,4.50
783.541,4.50
783.555,4.49
783.569,4.50
783.585,4.49
783.599,4.50
783.613,4.49
783.628,4.49
783.642,4.49
783.657,4.50
783.672,4.50
783.686,4.49
783.700,4.49
783.716,4.49
783.730,4.50
783.745,4.50
783.759,4.50
783.773,4.49
783.789,4.49
783.803,4.49
783.817,4.49
783.832,4.49
783.847,4.49
783.861,4.49
783.876,4.49
783.890,4.49
783.904,4.49
783.920,4.49
783.934,4.49
783.948,4.50
783.963,4.49
783.978,4.49
783.992,4.50
784.007,4.49
784.021,4.50
784.035,4.49
784.051,4.50
784.065,4.49
784.079,4.50
784.094,4.50
784.108,4.50
784.123,4.49
784.138,4.50
784.152,4.49
784.166,4.50
784.182,4.49
784.196,4.49
784.210,4.50
784.225,4.49
784.239,4.49
784.254,4.50
784.269,4.50
784.283,4.50
784.297,4.49
784.313,4.49
784.327,4.49
784.342,4.50
784.356,4.50
784.370,4.49
784.386,4.49
784.400,4.49
784.414,4.50
784.429,4.50
784.444,4.49
784.458,4.49
784.473,4.49
784.487,4.50
784.501,4.50
784.517,4.49
784.531,4.50
784.545,4.50
784.560,4.49
784.574,4.50
784.589,4.50
784.604,4.50
784.618,4.50
784.632,4.49
784.648,4.50
784.662,4.49
784.676,4.50
784.691,4.50
784.705,4.50
784.720,4.49
784.735,4.49
784.749,4.50
784.763,4.49
784.779,4.50
784.793,4.49
784.807,4.49
784.822,4.50
784.836,4.50
784.851,4.50
784.866,4.49
784.880,4.49
784.894,4.49
784.910,4.49
784.924,4.50
784.939,4.49
784.953,4.49
784.967,4.49
784.983,4.50
784.997,4.50
785.011,4.50
785.026,4.49
785.040,4.50
785.055,4.49
785.070,4.50
785.084,4.50
785.098,4.50
785.114,4.50
785.128,4.49
785.142,4.49
785.157,4.50
785.171,4.49
785.186,4.49
785.201,4.50
785.215,4.49
785.229,4.50
785.245,4.49
785.259,4.50
785.273,4.50
785.288,4.49
785.302,4.50
785.317,4.49
785.332,4.49
785.346,4.49
785.360,4.50
785.376,4.49
785.390,4.49
785.404,4.50
785.419,4.50
785.433,4.49
785.448,4.49
785.463,4.50
785.477,4.50
785.491,4.49
785.506,4.49
785.521,4.49
785.536,4.50
785.550,4.50
785.564,4.50
785.580,4.49
785.594,4.50
785.608,4.50
785.623,4.50
785.637,4.50
785.652,4.50
785.667,4.49
785.681,4.50
785.695,4.50
785.711,4.50
785.725,4.49
785.739,4.49
785.754,4.49
785.768,4.50
785.783,4.49
785.798,4.49
785.812,4.50
785.826,4.49
785.842,4.50
785.856,4.50
785.870,4.50
785.885,4.50
785.899,4.50
785.914,4.50
785.929,4.49
785.943,4.49
785.957,4.50
785.972,4.49
785.987,4.50
786.001,4.50
786.016,4.50
786.030,4.49
786.045,4.49
786.060,4.49
786.074,4.50
786.088,4.50
786.103,4.50
786.118,4.50
786.132,4.49
786.147,4.50
786.161,4.49
786.177,4.50
786.191,4.50
786.205,4.49
786.220,4.49
786.234,4.50
786.249,4.50
786.264,4.51
786.278,4.49
786.292,4.50
786.308,4.49
786.322,4.50
786.336,4.50
786.351,4.50
786.365,4.50
786.380,4.50
786.395,4.49
786.409,4.51
786.423,4.49
786.438,4.50
786.453,4.49
786.467,4.50
786.482,4.49
786.496,4.50
786.511,4.50
786.526,4.49
786.540,4.50
786.554,4.50
786.569,4.49
786.584,4.49
786.598,4.49
786.613,4.51
786.627,4.50
786.642,4.49
786.657,4.49
786.671,4.50
786.685,4.50
786.700,4.49
786.715,4.50
786.729,4.50
786.744,4.50
786.758,4.50
786.774,4.50
786.788,4.50
786.802,4.49
786.817,4.49
786.831,4.50
786.846,4.50
786.861,4.49
786.875,4.50
786.889,4.49
786.904,4.50
786.919,4.50
786.933,4.49
786.948,4.49
786.962,4.49
786.977,4.50
786.992,4.50
787.006,4.50
787.020,4.49
787.035,4.50
787.050,4.50
787.064,4.50
787.079,4.50
787.093,4.50
787.108,4.49
787.123,4.50
787.137,4.49
787.151,4.49
787.166,4.49
787.181,4.50
787.195,4.49
787.210,4.49
787.224,4.49
787.239,4.49
787.254,4.50
787.268,4.50
787.282,4.49
787.297,4.49
787.312,4.49
787.326,4.49
787.341,4.50
787.355,4.49
787.369,4.49
787.385,4.50
787.399,4.50
787.414,4.50
787.428,4.50
787.443,4.49
787.458,4.50
787.472,4.51
787.486,4.49
787.501,4.50
787.516,4.50
787.530,4.50
787.545,4.49
787.559,4.50
787.574,4.50
787.589,4.49
787.603,4.50
787.617,4.50
787.632,4.50
787.647,4.50
787.661,4.49
787.676,4.50
787.690,4.50
787.705,4.49
787.720,4.50
787.734,4.50
787.748,4.49
787.763,4.49
787.778,4.51
787.792,4.49
787.807,4.50
787.821,4.49
